ZIPƒtƒ@ƒCƒ‹–¼,o—Í”NŒ“úE,’n”Ô‹æˆæ,’n”Ô,’n”Ô‹æˆæi•MŠE–¢’è’n\¬’n”Ôj,’n”Ôi•MŠE–¢’è’n\¬’n”Ôj
12328-0423-1.zip,202202011546,ˆó×ŒS–{”W‘ºˆÀH–mY,339,,
12328-0423-1.zip,202202011546,ˆó×ŒS–{”W‘ºˆÀH–mY,385-1,,
12328-0423-1.zip,202202011546,ˆó×ŒS–{”W‘ºˆÀH–mY,404-4,,
12328-0423-1.zip,202202011546,ˆó×ŒS–{”W‘ºˆÀH–mY,424-3,,
12328-0423-2.zip,202202011546,ˆó×ŒS–{”W‘ºˆÀH–mY,703-7,,
12328-0423-3.zip,202202011546,ˆó×ŒS–{”W‘ºˆÀH–mY,980-1,,
12328-0423-4.zip,202202011546,ˆó×ŒS–{”W‘º‰Ÿ•t,113-1,,
12328-0423-4.zip,202202011546,ˆó×ŒS–{”W‘º‰Ÿ•t,157-1,,
12328-0423-4.zip,202202011546,ˆó×ŒS–{”W‘º‰Ÿ•t,16-1,,
12328-0423-4.zip,202202011546,ˆó×ŒS–{”W‘º‰Ÿ•t,47-1W1,,
12328-0423-4.zip,202202011546,ˆó×ŒS–{”W‘º‰Ÿ•t,47-1W2,,
12328-0423-4.zip,202202011546,ˆó×ŒS–{”W‘º‰Ÿ•t,84-1,,
12328-0423-5.zip,202202011546,ˆó×ŒS–{”W‘º‰Ÿ•t,41-2,,
12328-0423-6.zip,202202011546,ˆó×ŒS–{”W‘º‰ºˆä,52-3,,
12328-0423-6.zip,202202011546,ˆó×ŒS–{”W‘º‰ºˆä,93-3,,
12328-0423-6.zip,202202011546,ˆó×ŒS–{”W‘º‰ºˆä,104,,
12328-0423-7.zip,202202011546,ˆó×ŒS–{”W‘º‰ºˆä,421,,
12328-0423-7.zip,202202011546,ˆó×ŒS–{”W‘º‰ºˆä,506,,
12328-0423-8.zip,202202011546,ˆó×ŒS–{”W‘ºŠp“c,479-1,,
12328-0423-9.zip,202202011546,ˆó×ŒS–{”W‘ºŠ}_,1294-3,,
12328-0423-10.zip,202202011546,ˆó×ŒS–{”W‘ºŠ}_,1938-1,,
12328-0423-10.zip,202202011546,ˆó×ŒS–{”W‘ºŠ}_,1938-2,,
12328-0423-10.zip,202202011546,ˆó×ŒS–{”W‘ºŠ}_,1944,,
12328-0423-10.zip,202202011546,ˆó×ŒS–{”W‘ºŠ}_,1737-4,,
12328-0423-11.zip,202202011546,ˆó×ŒS–{”W‘ºŠ}_,116-3,,
12328-0423-11.zip,202202011546,ˆó×ŒS–{”W‘ºŠ}_,116-4,,
12328-0423-11.zip,202202011546,ˆó×ŒS–{”W‘ºŠ}_,116-5,,
12328-0423-11.zip,202202011546,ˆó×ŒS–{”W‘ºŠ}_,638-3,,
12328-0423-11.zip,202202011546,ˆó×ŒS–{”W‘ºŠ}_,726,,
12328-0423-11.zip,202202011546,ˆó×ŒS–{”W‘ºŠ}_,5,,
12328-0423-11.zip,202202011546,ˆó×ŒS–{”W‘ºŠ}_,17,,
12328-0423-11.zip,202202011546,ˆó×ŒS–{”W‘ºŠ}_,248,,
12328-0423-12.zip,202202011546,ˆó×ŒS–{”W‘ºŠ}_,1260,,
12328-0423-12.zip,202202011546,ˆó×ŒS–{”W‘ºŠ}_,1653-1,,
12328-0423-13.zip,202202011546,ˆó×ŒS–{”W‘ºs“¿,35-3,,
12328-0423-13.zip,202202011546,ˆó×ŒS–{”W‘ºs“¿,70-2,,
12328-0423-14.zip,202202011546,ˆó×ŒS–{”W‘ºs“¿,74-3,,
12328-0423-14.zip,202202011546,ˆó×ŒS–{”W‘ºs“¿,104-1,,
12328-0423-15.zip,202202011546,ˆó×ŒS–{”W‘º²–ì‰®,123,,
12328-0423-16.zip,202202011546,ˆó×ŒS–{”W‘ºğ’¼–mY,335-1,,
12328-0423-16.zip,202202011546,ˆó×ŒS–{”W‘ºğ’¼–mY,197-1,,
12328-0423-16.zip,202202011546,ˆó×ŒS–{”W‘ºğ’¼–mY,229,,
12328-0423-17.zip,202202011546,ˆó×ŒS–{”W‘ºğ’¼–mY,74-1,,
12328-0423-17.zip,202202011546,ˆó×ŒS–{”W‘ºğ’¼–mY,146-4,,
12328-0423-17.zip,202202011546,ˆó×ŒS–{”W‘ºğ’¼–mY,268-2,,
12328-0423-18.zip,202202011546,ˆó×ŒS–{”W‘º«ŠÄ,174,,
12328-0423-18.zip,202202011546,ˆó×ŒS–{”W‘º«ŠÄ,204,,
12328-0423-18.zip,202202011546,ˆó×ŒS–{”W‘º«ŠÄ,208-1,,
12328-0423-18.zip,202202011546,ˆó×ŒS–{”W‘º«ŠÄ,62-3,,
12328-0423-18.zip,202202011546,ˆó×ŒS–{”W‘º«ŠÄ,100-1,,
12328-0423-18.zip,202202011546,ˆó×ŒS–{”W‘º«ŠÄ,100-3,,
12328-0423-18.zip,202202011546,ˆó×ŒS–{”W‘º«ŠÄ,102,,
12328-0423-18.zip,202202011546,ˆó×ŒS–{”W‘º«ŠÄ,301-3,,
12328-0423-19.zip,202202011546,ˆó×ŒS–{”W‘º«ŠÄ,35-2,,
12328-0423-19.zip,202202011546,ˆó×ŒS–{”W‘º«ŠÄ,408,,
12328-0423-20.zip,202202011546,ˆó×ŒS–{”W‘º¬—Ñ,162-2,,
12328-0423-21.zip,202202011546,ˆó×ŒS–{”W‘º¬—Ñ,114-2,,
12328-0423-22.zip,202202011546,ˆó×ŒS–{”W‘º¼–Ø,33-4,,
12328-0423-22.zip,202202011546,ˆó×ŒS–{”W‘º¼–Ø,59-2,,
12328-0423-23.zip,202202011546,ˆó×ŒS–{”W‘º‘ê–ì‚T’š–Ú,637-5,,
12328-0423-24.zip,202202011546,ˆó×ŒS–{”W‘º‘ê,1095-3,,
12328-0423-25.zip,202202011546,ˆó×ŒS–{”W‘º‘ê,1,,
12328-0423-25.zip,202202011546,ˆó×ŒS–{”W‘º‘ê,304,,
12328-0423-26.zip,202202011546,ˆó×ŒS–{”W‘º‘ê,1009,,
12328-0423-27.zip,202202011546,ˆó×ŒS–{”W‘º’†,38-3,,
12328-0423-28.zip,202202011546,ˆó×ŒS–{”W‘º’†ª,734-1,,
12328-0423-28.zip,202202011546,ˆó×ŒS–{”W‘º’†ª,734-2,,
12328-0423-28.zip,202202011546,ˆó×ŒS–{”W‘º’†ª,813-2,,
12328-0423-28.zip,202202011546,ˆó×ŒS–{”W‘º’†ª,822,,
12328-0423-28.zip,202202011546,ˆó×ŒS–{”W‘º’†ª,•MŠE–¢’è’n-4820943,ˆó×ŒS–{”W‘º’†ª,821
12328-0423-29.zip,202202011546,ˆó×ŒS–{”W‘º’†ª,2099-1W1,,
12328-0423-29.zip,202202011546,ˆó×ŒS–{”W‘º’†ª,2099-1W2,,
12328-0423-29.zip,202202011546,ˆó×ŒS–{”W‘º’†ª,2099-2,,
12328-0423-29.zip,202202011546,ˆó×ŒS–{”W‘º’†ª,2099-3,,
12328-0423-30.zip,202202011546,ˆó×ŒS–{”W‘º’†ª,712-3,,
12328-0423-30.zip,202202011546,ˆó×ŒS–{”W‘º’†ª,340-3,,
12328-0423-30.zip,202202011546,ˆó×ŒS–{”W‘º’†ª,342-1,,
12328-0423-30.zip,202202011546,ˆó×ŒS–{”W‘º’†ª,342-2,,
12328-0423-30.zip,202202011546,ˆó×ŒS–{”W‘º’†ª,38,,
12328-0423-31.zip,202202011546,ˆó×ŒS–{”W‘º’†ª,849,,
12328-0423-31.zip,202202011546,ˆó×ŒS–{”W‘º’†ª,852,,
12328-0423-31.zip,202202011546,ˆó×ŒS–{”W‘º’†ª,1070,,
12328-0423-31.zip,202202011546,ˆó×ŒS–{”W‘º’†ª,1071-2,,
12328-0423-31.zip,202202011546,ˆó×ŒS–{”W‘º’†ª,867,,
12328-0423-31.zip,202202011546,ˆó×ŒS–{”W‘º’†ª,915-3,,
12328-0423-31.zip,202202011546,ˆó×ŒS–{”W‘º’†ª,945-1,,
12328-0423-32.zip,202202011546,ˆó×ŒS–{”W‘º’†ª,1612-1-1,,
12328-0423-32.zip,202202011546,ˆó×ŒS–{”W‘º’†ª,1866-1,,
12328-0423-32.zip,202202011546,ˆó×ŒS–{”W‘º’†ª,’n‹æŠO-1913214,,
12328-0423-33.zip,202202011546,ˆó×ŒS–{”W‘º’†“cØ,149-3,,
12328-0423-34.zip,202202011546,ˆó×ŒS–{”W‘º’†“cØ,74,,
12328-0423-35.zip,202202011546,ˆó×ŒS–{”W‘º’·–å‰®,36,,
12328-0423-35.zip,202202011546,ˆó×ŒS–{”W‘º’·–å‰®,37,,
12328-0423-35.zip,202202011546,ˆó×ŒS–{”W‘º’·–å‰®,38,,
12328-0423-35.zip,202202011546,ˆó×ŒS–{”W‘º’·–å‰®,39-1,,
12328-0423-35.zip,202202011546,ˆó×ŒS–{”W‘º’·–å‰®,39-2,,
12328-0423-35.zip,202202011546,ˆó×ŒS–{”W‘º’·–å‰®,39-3,,
12328-0423-35.zip,202202011546,ˆó×ŒS–{”W‘º’·–å‰®,39-4,,
12328-0423-35.zip,202202011546,ˆó×ŒS–{”W‘º’·–å‰®,39-5,,
12328-0423-35.zip,202202011546,ˆó×ŒS–{”W‘º’·–å‰®,2092-4,,
12328-0423-35.zip,202202011546,ˆó×ŒS–{”W‘º’·–å‰®,2092-5,,
12328-0423-35.zip,202202011546,ˆó×ŒS–{”W‘º’·–å‰®,2092-6,,
12328-0423-35.zip,202202011546,ˆó×ŒS–{”W‘º’·–å‰®,2093-4,,
12328-0423-35.zip,202202011546,ˆó×ŒS–{”W‘º’·–å‰®,2093-5,,
12328-0423-35.zip,202202011546,ˆó×ŒS–{”W‘º’·–å‰®,2093-6,,
12328-0423-36.zip,202202011546,ˆó×ŒS–{”W‘º”‹Œ´,44-4,,
12328-0423-36.zip,202202011546,ˆó×ŒS–{”W‘º”‹Œ´,51-1,,
12328-0423-36.zip,202202011546,ˆó×ŒS–{”W‘º”‹Œ´,57-1,,
12328-0423-37.zip,202202011546,ˆó×ŒS–{”W‘º•¨–Ø,442,,
12328-0423-38.zip,202202011546,ˆó×ŒS–{”W‘º•¨–Ø,49-1,,
12328-0423-38.zip,202202011546,ˆó×ŒS–{”W‘º•¨–Ø,193E196-2W1-‡•¹,,
12328-0423-39.zip,202202011546,ˆó×ŒS–{”W‘º•¨–Ø,545-2-2,,
12328-0423-40.zip,202202011546,ˆó×ŒS–{”W‘º—§”WŒ´,50-3,,
12328-0423-41.zip,202202011546,ˆó×ŒS–{”W‘º—³• ›,108-1,,
12328-0423-41.zip,202202011546,ˆó×ŒS–{”W‘º—³• ›,108-3,,
12328-0423-41.zip,202202011546,ˆó×ŒS–{”W‘º—³• ›,108-4,,
12328-0423-42.zip,202202011546,ˆó×ŒS–{”W‘º˜aò‰®,89-4,,
12328-0423-43.zip,202202011546,ˆó×ŒS–{”W‘º˜aò‰®,2088-1,,
12328-0423-43.zip,202202011546,ˆó×ŒS–{”W‘º˜aò‰®,2088-2,,
12328-0423-43.zip,202202011546,ˆó×ŒS–{”W‘º˜aò‰®,2088-3,,
12328-0423-43.zip,202202011546,ˆó×ŒS–{”W‘º˜aò‰®,2088-4,,
