<?xml version="1.0" encoding="UTF-8"?>
<地図 xmlns="http://www.moj.go.jp/MINJI/tizuxml" xmlns:zmn="http://www.moj.go.jp/MINJI/tizuzumen" xmlns:xsi="http://www.w3.org/2001/XMLSchema-instance" xsi:schemaLocation="http://www.moj.go.jp/MINJI/tizuxml tizuxml.xsd">
	<version>ver1.0</version>
	<地図名>11510_hosei_20121217092055</地図名>
	<市区町村コード>12215</市区町村コード>
	<市区町村名>旭市</市区町村名>
	<座標系>公共座標9系</座標系>
	<測地系判別>変換</測地系判別>
	<変換プログラム>1.3.77</変換プログラム>
	<変換プログラムバージョン>TKY2JGD.par</変換プログラムバージョン>
	<変換パラメータバージョン>2.0.6</変換パラメータバージョン>
	<空間属性>
		<zmn:GM_Point id="P000000001">
			<zmn:GM_Point.position>
				<zmn:DirectPosition>
					<zmn:X>-32554.527</zmn:X>
					<zmn:Y>83412.327</zmn:Y>
				</zmn:DirectPosition>
			</zmn:GM_Point.position>
		</zmn:GM_Point>
		<zmn:GM_Point id="P000000002">
			<zmn:GM_Point.position>
				<zmn:DirectPosition>
					<zmn:X>-32645.184</zmn:X>
					<zmn:Y>83305.988</zmn:Y>
				</zmn:DirectPosition>
			</zmn:GM_Point.position>
		</zmn:GM_Point>
		<zmn:GM_Point id="P000000003">
			<zmn:GM_Point.position>
				<zmn:DirectPosition>
					<zmn:X>-32556.666</zmn:X>
					<zmn:Y>83439.641</zmn:Y>
				</zmn:DirectPosition>
			</zmn:GM_Point.position>
		</zmn:GM_Point>
		<zmn:GM_Point id="P000000004">
			<zmn:GM_Point.position>
				<zmn:DirectPosition>
					<zmn:X>-32555.067</zmn:X>
					<zmn:Y>83432.946</zmn:Y>
				</zmn:DirectPosition>
			</zmn:GM_Point.position>
		</zmn:GM_Point>
		<zmn:GM_Point id="P000000005">
			<zmn:GM_Point.position>
				<zmn:DirectPosition>
					<zmn:X>-32547.640</zmn:X>
					<zmn:Y>83361.007</zmn:Y>
				</zmn:DirectPosition>
			</zmn:GM_Point.position>
		</zmn:GM_Point>
		<zmn:GM_Point id="P000000006">
			<zmn:GM_Point.position>
				<zmn:DirectPosition>
					<zmn:X>-32547.156</zmn:X>
					<zmn:Y>83356.351</zmn:Y>
				</zmn:DirectPosition>
			</zmn:GM_Point.position>
		</zmn:GM_Point>
		<zmn:GM_Point id="P000000007">
			<zmn:GM_Point.position>
				<zmn:DirectPosition>
					<zmn:X>-32548.494</zmn:X>
					<zmn:Y>83356.432</zmn:Y>
				</zmn:DirectPosition>
			</zmn:GM_Point.position>
		</zmn:GM_Point>
		<zmn:GM_Point id="P000000008">
			<zmn:GM_Point.position>
				<zmn:DirectPosition>
					<zmn:X>-32559.655</zmn:X>
					<zmn:Y>83354.002</zmn:Y>
				</zmn:DirectPosition>
			</zmn:GM_Point.position>
		</zmn:GM_Point>
		<zmn:GM_Point id="P000000009">
			<zmn:GM_Point.position>
				<zmn:DirectPosition>
					<zmn:X>-32569.453</zmn:X>
					<zmn:Y>83350.238</zmn:Y>
				</zmn:DirectPosition>
			</zmn:GM_Point.position>
		</zmn:GM_Point>
		<zmn:GM_Point id="P000000010">
			<zmn:GM_Point.position>
				<zmn:DirectPosition>
					<zmn:X>-32581.699</zmn:X>
					<zmn:Y>83349.492</zmn:Y>
				</zmn:DirectPosition>
			</zmn:GM_Point.position>
		</zmn:GM_Point>
		<zmn:GM_Point id="P000000011">
			<zmn:GM_Point.position>
				<zmn:DirectPosition>
					<zmn:X>-32595.938</zmn:X>
					<zmn:Y>83346.915</zmn:Y>
				</zmn:DirectPosition>
			</zmn:GM_Point.position>
		</zmn:GM_Point>
		<zmn:GM_Point id="P000000012">
			<zmn:GM_Point.position>
				<zmn:DirectPosition>
					<zmn:X>-32605.946</zmn:X>
					<zmn:Y>83348.541</zmn:Y>
				</zmn:DirectPosition>
			</zmn:GM_Point.position>
		</zmn:GM_Point>
		<zmn:GM_Point id="P000000013">
			<zmn:GM_Point.position>
				<zmn:DirectPosition>
					<zmn:X>-32495.184</zmn:X>
					<zmn:Y>83305.992</zmn:Y>
				</zmn:DirectPosition>
			</zmn:GM_Point.position>
		</zmn:GM_Point>
		<zmn:GM_Point id="P000000014">
			<zmn:GM_Point.position>
				<zmn:DirectPosition>
					<zmn:X>-32605.671</zmn:X>
					<zmn:Y>83352.195</zmn:Y>
				</zmn:DirectPosition>
			</zmn:GM_Point.position>
		</zmn:GM_Point>
		<zmn:GM_Point id="P000000015">
			<zmn:GM_Point.position>
				<zmn:DirectPosition>
					<zmn:X>-32598.797</zmn:X>
					<zmn:Y>83432.789</zmn:Y>
				</zmn:DirectPosition>
			</zmn:GM_Point.position>
		</zmn:GM_Point>
		<zmn:GM_Point id="P000000016">
			<zmn:GM_Point.position>
				<zmn:DirectPosition>
					<zmn:X>-32588.240</zmn:X>
					<zmn:Y>83432.403</zmn:Y>
				</zmn:DirectPosition>
			</zmn:GM_Point.position>
		</zmn:GM_Point>
		<zmn:GM_Point id="P000000017">
			<zmn:GM_Point.position>
				<zmn:DirectPosition>
					<zmn:X>-32569.999</zmn:X>
					<zmn:Y>83432.693</zmn:Y>
				</zmn:DirectPosition>
			</zmn:GM_Point.position>
		</zmn:GM_Point>
		<zmn:GM_Point id="P000000018">
			<zmn:GM_Point.position>
				<zmn:DirectPosition>
					<zmn:X>-32562.472</zmn:X>
					<zmn:Y>83356.980</zmn:Y>
				</zmn:DirectPosition>
			</zmn:GM_Point.position>
		</zmn:GM_Point>
		<zmn:GM_Point id="P000000019">
			<zmn:GM_Point.position>
				<zmn:DirectPosition>
					<zmn:X>-32595.385</zmn:X>
					<zmn:Y>83350.359</zmn:Y>
				</zmn:DirectPosition>
			</zmn:GM_Point.position>
		</zmn:GM_Point>
		<zmn:GM_Point id="P000000020">
			<zmn:GM_Point.position>
				<zmn:DirectPosition>
					<zmn:X>-32580.319</zmn:X>
					<zmn:Y>83353.517</zmn:Y>
				</zmn:DirectPosition>
			</zmn:GM_Point.position>
		</zmn:GM_Point>
		<zmn:GM_Point id="P000000021">
			<zmn:GM_Point.position>
				<zmn:DirectPosition>
					<zmn:X>-32569.958</zmn:X>
					<zmn:Y>83353.736</zmn:Y>
				</zmn:DirectPosition>
			</zmn:GM_Point.position>
		</zmn:GM_Point>
		<zmn:GM_Point id="P000000022">
			<zmn:GM_Point.position>
				<zmn:DirectPosition>
					<zmn:X>-32495.187</zmn:X>
					<zmn:Y>83505.995</zmn:Y>
				</zmn:DirectPosition>
			</zmn:GM_Point.position>
		</zmn:GM_Point>
		<zmn:GM_Point id="P000000023">
			<zmn:GM_Point.position>
				<zmn:DirectPosition>
					<zmn:X>-32645.187</zmn:X>
					<zmn:Y>83505.992</zmn:Y>
				</zmn:DirectPosition>
			</zmn:GM_Point.position>
		</zmn:GM_Point>
		<zmn:GM_Point id="P000000024">
			<zmn:GM_Point.position>
				<zmn:DirectPosition>
					<zmn:X>-32613.388</zmn:X>
					<zmn:Y>83404.440</zmn:Y>
				</zmn:DirectPosition>
			</zmn:GM_Point.position>
		</zmn:GM_Point>
		<zmn:GM_Point id="P000000025">
			<zmn:GM_Point.position>
				<zmn:DirectPosition>
					<zmn:X>-32609.847</zmn:X>
					<zmn:Y>83433.490</zmn:Y>
				</zmn:DirectPosition>
			</zmn:GM_Point.position>
		</zmn:GM_Point>
		<zmn:GM_Point id="P000000026">
			<zmn:GM_Point.position>
				<zmn:DirectPosition>
					<zmn:X>-32609.182</zmn:X>
					<zmn:Y>83439.270</zmn:Y>
				</zmn:DirectPosition>
			</zmn:GM_Point.position>
		</zmn:GM_Point>
		<zmn:GM_Point id="P000000027">
			<zmn:GM_Point.position>
				<zmn:DirectPosition>
					<zmn:X>-32607.686</zmn:X>
					<zmn:Y>83438.933</zmn:Y>
				</zmn:DirectPosition>
			</zmn:GM_Point.position>
		</zmn:GM_Point>
		<zmn:GM_Point id="P000000028">
			<zmn:GM_Point.position>
				<zmn:DirectPosition>
					<zmn:X>-32590.660</zmn:X>
					<zmn:Y>83437.809</zmn:Y>
				</zmn:DirectPosition>
			</zmn:GM_Point.position>
		</zmn:GM_Point>
		<zmn:GM_Curve id="C000000001">
			<zmn:GM_OrientablePrimitive.orientation>+</zmn:GM_OrientablePrimitive.orientation>
			<zmn:GM_OrientablePrimitive.primitive idref="C000000001"/>
			<zmn:GM_Curve.segment>
				<zmn:GM_LineString>
					<zmn:GM_LineString.controlPoint>
						<zmn:GM_PointArray.column>
							<zmn:GM_Position.direct>
								<zmn:X>-32645.187</zmn:X>
								<zmn:Y>83505.992</zmn:Y>
							</zmn:GM_Position.direct>
						</zmn:GM_PointArray.column>
						<zmn:GM_PointArray.column>
							<zmn:GM_Position.direct>
								<zmn:X>-32645.184</zmn:X>
								<zmn:Y>83305.988</zmn:Y>
							</zmn:GM_Position.direct>
						</zmn:GM_PointArray.column>
					</zmn:GM_LineString.controlPoint>
				</zmn:GM_LineString>
			</zmn:GM_Curve.segment>
		</zmn:GM_Curve>
		<zmn:GM_Curve id="C000000002">
			<zmn:GM_OrientablePrimitive.orientation>+</zmn:GM_OrientablePrimitive.orientation>
			<zmn:GM_OrientablePrimitive.primitive idref="C000000002"/>
			<zmn:GM_Curve.segment>
				<zmn:GM_LineString>
					<zmn:GM_LineString.controlPoint>
						<zmn:GM_PointArray.column>
							<zmn:GM_Position.direct>
								<zmn:X>-32645.187</zmn:X>
								<zmn:Y>83505.992</zmn:Y>
							</zmn:GM_Position.direct>
						</zmn:GM_PointArray.column>
						<zmn:GM_PointArray.column>
							<zmn:GM_Position.direct>
								<zmn:X>-32645.184</zmn:X>
								<zmn:Y>83305.988</zmn:Y>
							</zmn:GM_Position.direct>
						</zmn:GM_PointArray.column>
					</zmn:GM_LineString.controlPoint>
				</zmn:GM_LineString>
			</zmn:GM_Curve.segment>
		</zmn:GM_Curve>
		<zmn:GM_Curve id="C000000003">
			<zmn:GM_OrientablePrimitive.orientation>+</zmn:GM_OrientablePrimitive.orientation>
			<zmn:GM_OrientablePrimitive.primitive idref="C000000003"/>
			<zmn:GM_Curve.segment>
				<zmn:GM_LineString>
					<zmn:GM_LineString.controlPoint>
						<zmn:GM_PointArray.column>
							<zmn:GM_Position.indirect>
								<zmn:GM_PointRef.point idref="P000000003"/>
							</zmn:GM_Position.indirect>
						</zmn:GM_PointArray.column>
						<zmn:GM_PointArray.column>
							<zmn:GM_Position.indirect>
								<zmn:GM_PointRef.point idref="P000000028"/>
							</zmn:GM_Position.indirect>
						</zmn:GM_PointArray.column>
					</zmn:GM_LineString.controlPoint>
				</zmn:GM_LineString>
			</zmn:GM_Curve.segment>
		</zmn:GM_Curve>
		<zmn:GM_Curve id="C000000004">
			<zmn:GM_OrientablePrimitive.orientation>+</zmn:GM_OrientablePrimitive.orientation>
			<zmn:GM_OrientablePrimitive.primitive idref="C000000004"/>
			<zmn:GM_Curve.segment>
				<zmn:GM_LineString>
					<zmn:GM_LineString.controlPoint>
						<zmn:GM_PointArray.column>
							<zmn:GM_Position.indirect>
								<zmn:GM_PointRef.point idref="P000000028"/>
							</zmn:GM_Position.indirect>
						</zmn:GM_PointArray.column>
						<zmn:GM_PointArray.column>
							<zmn:GM_Position.indirect>
								<zmn:GM_PointRef.point idref="P000000027"/>
							</zmn:GM_Position.indirect>
						</zmn:GM_PointArray.column>
					</zmn:GM_LineString.controlPoint>
				</zmn:GM_LineString>
			</zmn:GM_Curve.segment>
		</zmn:GM_Curve>
		<zmn:GM_Curve id="C000000005">
			<zmn:GM_OrientablePrimitive.orientation>+</zmn:GM_OrientablePrimitive.orientation>
			<zmn:GM_OrientablePrimitive.primitive idref="C000000005"/>
			<zmn:GM_Curve.segment>
				<zmn:GM_LineString>
					<zmn:GM_LineString.controlPoint>
						<zmn:GM_PointArray.column>
							<zmn:GM_Position.indirect>
								<zmn:GM_PointRef.point idref="P000000027"/>
							</zmn:GM_Position.indirect>
						</zmn:GM_PointArray.column>
						<zmn:GM_PointArray.column>
							<zmn:GM_Position.indirect>
								<zmn:GM_PointRef.point idref="P000000026"/>
							</zmn:GM_Position.indirect>
						</zmn:GM_PointArray.column>
					</zmn:GM_LineString.controlPoint>
				</zmn:GM_LineString>
			</zmn:GM_Curve.segment>
		</zmn:GM_Curve>
		<zmn:GM_Curve id="C000000006">
			<zmn:GM_OrientablePrimitive.orientation>+</zmn:GM_OrientablePrimitive.orientation>
			<zmn:GM_OrientablePrimitive.primitive idref="C000000006"/>
			<zmn:GM_Curve.segment>
				<zmn:GM_LineString>
					<zmn:GM_LineString.controlPoint>
						<zmn:GM_PointArray.column>
							<zmn:GM_Position.indirect>
								<zmn:GM_PointRef.point idref="P000000026"/>
							</zmn:GM_Position.indirect>
						</zmn:GM_PointArray.column>
						<zmn:GM_PointArray.column>
							<zmn:GM_Position.indirect>
								<zmn:GM_PointRef.point idref="P000000025"/>
							</zmn:GM_Position.indirect>
						</zmn:GM_PointArray.column>
					</zmn:GM_LineString.controlPoint>
				</zmn:GM_LineString>
			</zmn:GM_Curve.segment>
		</zmn:GM_Curve>
		<zmn:GM_Curve id="C000000007">
			<zmn:GM_OrientablePrimitive.orientation>+</zmn:GM_OrientablePrimitive.orientation>
			<zmn:GM_OrientablePrimitive.primitive idref="C000000007"/>
			<zmn:GM_Curve.segment>
				<zmn:GM_LineString>
					<zmn:GM_LineString.controlPoint>
						<zmn:GM_PointArray.column>
							<zmn:GM_Position.indirect>
								<zmn:GM_PointRef.point idref="P000000025"/>
							</zmn:GM_Position.indirect>
						</zmn:GM_PointArray.column>
						<zmn:GM_PointArray.column>
							<zmn:GM_Position.indirect>
								<zmn:GM_PointRef.point idref="P000000015"/>
							</zmn:GM_Position.indirect>
						</zmn:GM_PointArray.column>
					</zmn:GM_LineString.controlPoint>
				</zmn:GM_LineString>
			</zmn:GM_Curve.segment>
		</zmn:GM_Curve>
		<zmn:GM_Curve id="C000000008">
			<zmn:GM_OrientablePrimitive.orientation>+</zmn:GM_OrientablePrimitive.orientation>
			<zmn:GM_OrientablePrimitive.primitive idref="C000000008"/>
			<zmn:GM_Curve.segment>
				<zmn:GM_LineString>
					<zmn:GM_LineString.controlPoint>
						<zmn:GM_PointArray.column>
							<zmn:GM_Position.indirect>
								<zmn:GM_PointRef.point idref="P000000015"/>
							</zmn:GM_Position.indirect>
						</zmn:GM_PointArray.column>
						<zmn:GM_PointArray.column>
							<zmn:GM_Position.indirect>
								<zmn:GM_PointRef.point idref="P000000016"/>
							</zmn:GM_Position.indirect>
						</zmn:GM_PointArray.column>
					</zmn:GM_LineString.controlPoint>
				</zmn:GM_LineString>
			</zmn:GM_Curve.segment>
		</zmn:GM_Curve>
		<zmn:GM_Curve id="C000000009">
			<zmn:GM_OrientablePrimitive.orientation>+</zmn:GM_OrientablePrimitive.orientation>
			<zmn:GM_OrientablePrimitive.primitive idref="C000000009"/>
			<zmn:GM_Curve.segment>
				<zmn:GM_LineString>
					<zmn:GM_LineString.controlPoint>
						<zmn:GM_PointArray.column>
							<zmn:GM_Position.indirect>
								<zmn:GM_PointRef.point idref="P000000016"/>
							</zmn:GM_Position.indirect>
						</zmn:GM_PointArray.column>
						<zmn:GM_PointArray.column>
							<zmn:GM_Position.indirect>
								<zmn:GM_PointRef.point idref="P000000017"/>
							</zmn:GM_Position.indirect>
						</zmn:GM_PointArray.column>
					</zmn:GM_LineString.controlPoint>
				</zmn:GM_LineString>
			</zmn:GM_Curve.segment>
		</zmn:GM_Curve>
		<zmn:GM_Curve id="C000000010">
			<zmn:GM_OrientablePrimitive.orientation>+</zmn:GM_OrientablePrimitive.orientation>
			<zmn:GM_OrientablePrimitive.primitive idref="C000000010"/>
			<zmn:GM_Curve.segment>
				<zmn:GM_LineString>
					<zmn:GM_LineString.controlPoint>
						<zmn:GM_PointArray.column>
							<zmn:GM_Position.indirect>
								<zmn:GM_PointRef.point idref="P000000017"/>
							</zmn:GM_Position.indirect>
						</zmn:GM_PointArray.column>
						<zmn:GM_PointArray.column>
							<zmn:GM_Position.indirect>
								<zmn:GM_PointRef.point idref="P000000004"/>
							</zmn:GM_Position.indirect>
						</zmn:GM_PointArray.column>
					</zmn:GM_LineString.controlPoint>
				</zmn:GM_LineString>
			</zmn:GM_Curve.segment>
		</zmn:GM_Curve>
		<zmn:GM_Curve id="C000000011">
			<zmn:GM_OrientablePrimitive.orientation>+</zmn:GM_OrientablePrimitive.orientation>
			<zmn:GM_OrientablePrimitive.primitive idref="C000000011"/>
			<zmn:GM_Curve.segment>
				<zmn:GM_LineString>
					<zmn:GM_LineString.controlPoint>
						<zmn:GM_PointArray.column>
							<zmn:GM_Position.indirect>
								<zmn:GM_PointRef.point idref="P000000004"/>
							</zmn:GM_Position.indirect>
						</zmn:GM_PointArray.column>
						<zmn:GM_PointArray.column>
							<zmn:GM_Position.indirect>
								<zmn:GM_PointRef.point idref="P000000003"/>
							</zmn:GM_Position.indirect>
						</zmn:GM_PointArray.column>
					</zmn:GM_LineString.controlPoint>
				</zmn:GM_LineString>
			</zmn:GM_Curve.segment>
		</zmn:GM_Curve>
		<zmn:GM_Curve id="C000000012">
			<zmn:GM_OrientablePrimitive.orientation>+</zmn:GM_OrientablePrimitive.orientation>
			<zmn:GM_OrientablePrimitive.primitive idref="C000000012"/>
			<zmn:GM_Curve.segment>
				<zmn:GM_LineString>
					<zmn:GM_LineString.controlPoint>
						<zmn:GM_PointArray.column>
							<zmn:GM_Position.indirect>
								<zmn:GM_PointRef.point idref="P000000017"/>
							</zmn:GM_Position.indirect>
						</zmn:GM_PointArray.column>
						<zmn:GM_PointArray.column>
							<zmn:GM_Position.indirect>
								<zmn:GM_PointRef.point idref="P000000018"/>
							</zmn:GM_Position.indirect>
						</zmn:GM_PointArray.column>
					</zmn:GM_LineString.controlPoint>
				</zmn:GM_LineString>
			</zmn:GM_Curve.segment>
		</zmn:GM_Curve>
		<zmn:GM_Curve id="C000000013">
			<zmn:GM_OrientablePrimitive.orientation>+</zmn:GM_OrientablePrimitive.orientation>
			<zmn:GM_OrientablePrimitive.primitive idref="C000000013"/>
			<zmn:GM_Curve.segment>
				<zmn:GM_LineString>
					<zmn:GM_LineString.controlPoint>
						<zmn:GM_PointArray.column>
							<zmn:GM_Position.indirect>
								<zmn:GM_PointRef.point idref="P000000018"/>
							</zmn:GM_Position.indirect>
						</zmn:GM_PointArray.column>
						<zmn:GM_PointArray.column>
							<zmn:GM_Position.indirect>
								<zmn:GM_PointRef.point idref="P000000005"/>
							</zmn:GM_Position.indirect>
						</zmn:GM_PointArray.column>
					</zmn:GM_LineString.controlPoint>
				</zmn:GM_LineString>
			</zmn:GM_Curve.segment>
		</zmn:GM_Curve>
		<zmn:GM_Curve id="C000000014">
			<zmn:GM_OrientablePrimitive.orientation>+</zmn:GM_OrientablePrimitive.orientation>
			<zmn:GM_OrientablePrimitive.primitive idref="C000000014"/>
			<zmn:GM_Curve.segment>
				<zmn:GM_LineString>
					<zmn:GM_LineString.controlPoint>
						<zmn:GM_PointArray.column>
							<zmn:GM_Position.indirect>
								<zmn:GM_PointRef.point idref="P000000005"/>
							</zmn:GM_Position.indirect>
						</zmn:GM_PointArray.column>
						<zmn:GM_PointArray.column>
							<zmn:GM_Position.indirect>
								<zmn:GM_PointRef.point idref="P000000004"/>
							</zmn:GM_Position.indirect>
						</zmn:GM_PointArray.column>
					</zmn:GM_LineString.controlPoint>
				</zmn:GM_LineString>
			</zmn:GM_Curve.segment>
		</zmn:GM_Curve>
		<zmn:GM_Curve id="C000000015">
			<zmn:GM_OrientablePrimitive.orientation>+</zmn:GM_OrientablePrimitive.orientation>
			<zmn:GM_OrientablePrimitive.primitive idref="C000000015"/>
			<zmn:GM_Curve.segment>
				<zmn:GM_LineString>
					<zmn:GM_LineString.controlPoint>
						<zmn:GM_PointArray.column>
							<zmn:GM_Position.indirect>
								<zmn:GM_PointRef.point idref="P000000004"/>
							</zmn:GM_Position.indirect>
						</zmn:GM_PointArray.column>
						<zmn:GM_PointArray.column>
							<zmn:GM_Position.indirect>
								<zmn:GM_PointRef.point idref="P000000017"/>
							</zmn:GM_Position.indirect>
						</zmn:GM_PointArray.column>
					</zmn:GM_LineString.controlPoint>
				</zmn:GM_LineString>
			</zmn:GM_Curve.segment>
		</zmn:GM_Curve>
		<zmn:GM_Curve id="C000000016">
			<zmn:GM_OrientablePrimitive.orientation>+</zmn:GM_OrientablePrimitive.orientation>
			<zmn:GM_OrientablePrimitive.primitive idref="C000000016"/>
			<zmn:GM_Curve.segment>
				<zmn:GM_LineString>
					<zmn:GM_LineString.controlPoint>
						<zmn:GM_PointArray.column>
							<zmn:GM_Position.indirect>
								<zmn:GM_PointRef.point idref="P000000018"/>
							</zmn:GM_Position.indirect>
						</zmn:GM_PointArray.column>
						<zmn:GM_PointArray.column>
							<zmn:GM_Position.indirect>
								<zmn:GM_PointRef.point idref="P000000017"/>
							</zmn:GM_Position.indirect>
						</zmn:GM_PointArray.column>
					</zmn:GM_LineString.controlPoint>
				</zmn:GM_LineString>
			</zmn:GM_Curve.segment>
		</zmn:GM_Curve>
		<zmn:GM_Curve id="C000000017">
			<zmn:GM_OrientablePrimitive.orientation>+</zmn:GM_OrientablePrimitive.orientation>
			<zmn:GM_OrientablePrimitive.primitive idref="C000000017"/>
			<zmn:GM_Curve.segment>
				<zmn:GM_LineString>
					<zmn:GM_LineString.controlPoint>
						<zmn:GM_PointArray.column>
							<zmn:GM_Position.indirect>
								<zmn:GM_PointRef.point idref="P000000017"/>
							</zmn:GM_Position.indirect>
						</zmn:GM_PointArray.column>
						<zmn:GM_PointArray.column>
							<zmn:GM_Position.indirect>
								<zmn:GM_PointRef.point idref="P000000016"/>
							</zmn:GM_Position.indirect>
						</zmn:GM_PointArray.column>
					</zmn:GM_LineString.controlPoint>
				</zmn:GM_LineString>
			</zmn:GM_Curve.segment>
		</zmn:GM_Curve>
		<zmn:GM_Curve id="C000000018">
			<zmn:GM_OrientablePrimitive.orientation>+</zmn:GM_OrientablePrimitive.orientation>
			<zmn:GM_OrientablePrimitive.primitive idref="C000000018"/>
			<zmn:GM_Curve.segment>
				<zmn:GM_LineString>
					<zmn:GM_LineString.controlPoint>
						<zmn:GM_PointArray.column>
							<zmn:GM_Position.indirect>
								<zmn:GM_PointRef.point idref="P000000016"/>
							</zmn:GM_Position.indirect>
						</zmn:GM_PointArray.column>
						<zmn:GM_PointArray.column>
							<zmn:GM_Position.indirect>
								<zmn:GM_PointRef.point idref="P000000015"/>
							</zmn:GM_Position.indirect>
						</zmn:GM_PointArray.column>
					</zmn:GM_LineString.controlPoint>
				</zmn:GM_LineString>
			</zmn:GM_Curve.segment>
		</zmn:GM_Curve>
		<zmn:GM_Curve id="C000000019">
			<zmn:GM_OrientablePrimitive.orientation>+</zmn:GM_OrientablePrimitive.orientation>
			<zmn:GM_OrientablePrimitive.primitive idref="C000000019"/>
			<zmn:GM_Curve.segment>
				<zmn:GM_LineString>
					<zmn:GM_LineString.controlPoint>
						<zmn:GM_PointArray.column>
							<zmn:GM_Position.indirect>
								<zmn:GM_PointRef.point idref="P000000015"/>
							</zmn:GM_Position.indirect>
						</zmn:GM_PointArray.column>
						<zmn:GM_PointArray.column>
							<zmn:GM_Position.indirect>
								<zmn:GM_PointRef.point idref="P000000025"/>
							</zmn:GM_Position.indirect>
						</zmn:GM_PointArray.column>
					</zmn:GM_LineString.controlPoint>
				</zmn:GM_LineString>
			</zmn:GM_Curve.segment>
		</zmn:GM_Curve>
		<zmn:GM_Curve id="C000000020">
			<zmn:GM_OrientablePrimitive.orientation>+</zmn:GM_OrientablePrimitive.orientation>
			<zmn:GM_OrientablePrimitive.primitive idref="C000000020"/>
			<zmn:GM_Curve.segment>
				<zmn:GM_LineString>
					<zmn:GM_LineString.controlPoint>
						<zmn:GM_PointArray.column>
							<zmn:GM_Position.indirect>
								<zmn:GM_PointRef.point idref="P000000025"/>
							</zmn:GM_Position.indirect>
						</zmn:GM_PointArray.column>
						<zmn:GM_PointArray.column>
							<zmn:GM_Position.indirect>
								<zmn:GM_PointRef.point idref="P000000024"/>
							</zmn:GM_Position.indirect>
						</zmn:GM_PointArray.column>
					</zmn:GM_LineString.controlPoint>
				</zmn:GM_LineString>
			</zmn:GM_Curve.segment>
		</zmn:GM_Curve>
		<zmn:GM_Curve id="C000000021">
			<zmn:GM_OrientablePrimitive.orientation>+</zmn:GM_OrientablePrimitive.orientation>
			<zmn:GM_OrientablePrimitive.primitive idref="C000000021"/>
			<zmn:GM_Curve.segment>
				<zmn:GM_LineString>
					<zmn:GM_LineString.controlPoint>
						<zmn:GM_PointArray.column>
							<zmn:GM_Position.indirect>
								<zmn:GM_PointRef.point idref="P000000024"/>
							</zmn:GM_Position.indirect>
						</zmn:GM_PointArray.column>
						<zmn:GM_PointArray.column>
							<zmn:GM_Position.indirect>
								<zmn:GM_PointRef.point idref="P000000014"/>
							</zmn:GM_Position.indirect>
						</zmn:GM_PointArray.column>
					</zmn:GM_LineString.controlPoint>
				</zmn:GM_LineString>
			</zmn:GM_Curve.segment>
		</zmn:GM_Curve>
		<zmn:GM_Curve id="C000000022">
			<zmn:GM_OrientablePrimitive.orientation>+</zmn:GM_OrientablePrimitive.orientation>
			<zmn:GM_OrientablePrimitive.primitive idref="C000000022"/>
			<zmn:GM_Curve.segment>
				<zmn:GM_LineString>
					<zmn:GM_LineString.controlPoint>
						<zmn:GM_PointArray.column>
							<zmn:GM_Position.indirect>
								<zmn:GM_PointRef.point idref="P000000014"/>
							</zmn:GM_Position.indirect>
						</zmn:GM_PointArray.column>
						<zmn:GM_PointArray.column>
							<zmn:GM_Position.indirect>
								<zmn:GM_PointRef.point idref="P000000019"/>
							</zmn:GM_Position.indirect>
						</zmn:GM_PointArray.column>
					</zmn:GM_LineString.controlPoint>
				</zmn:GM_LineString>
			</zmn:GM_Curve.segment>
		</zmn:GM_Curve>
		<zmn:GM_Curve id="C000000023">
			<zmn:GM_OrientablePrimitive.orientation>+</zmn:GM_OrientablePrimitive.orientation>
			<zmn:GM_OrientablePrimitive.primitive idref="C000000023"/>
			<zmn:GM_Curve.segment>
				<zmn:GM_LineString>
					<zmn:GM_LineString.controlPoint>
						<zmn:GM_PointArray.column>
							<zmn:GM_Position.indirect>
								<zmn:GM_PointRef.point idref="P000000019"/>
							</zmn:GM_Position.indirect>
						</zmn:GM_PointArray.column>
						<zmn:GM_PointArray.column>
							<zmn:GM_Position.indirect>
								<zmn:GM_PointRef.point idref="P000000020"/>
							</zmn:GM_Position.indirect>
						</zmn:GM_PointArray.column>
					</zmn:GM_LineString.controlPoint>
				</zmn:GM_LineString>
			</zmn:GM_Curve.segment>
		</zmn:GM_Curve>
		<zmn:GM_Curve id="C000000024">
			<zmn:GM_OrientablePrimitive.orientation>+</zmn:GM_OrientablePrimitive.orientation>
			<zmn:GM_OrientablePrimitive.primitive idref="C000000024"/>
			<zmn:GM_Curve.segment>
				<zmn:GM_LineString>
					<zmn:GM_LineString.controlPoint>
						<zmn:GM_PointArray.column>
							<zmn:GM_Position.indirect>
								<zmn:GM_PointRef.point idref="P000000020"/>
							</zmn:GM_Position.indirect>
						</zmn:GM_PointArray.column>
						<zmn:GM_PointArray.column>
							<zmn:GM_Position.indirect>
								<zmn:GM_PointRef.point idref="P000000021"/>
							</zmn:GM_Position.indirect>
						</zmn:GM_PointArray.column>
					</zmn:GM_LineString.controlPoint>
				</zmn:GM_LineString>
			</zmn:GM_Curve.segment>
		</zmn:GM_Curve>
		<zmn:GM_Curve id="C000000025">
			<zmn:GM_OrientablePrimitive.orientation>+</zmn:GM_OrientablePrimitive.orientation>
			<zmn:GM_OrientablePrimitive.primitive idref="C000000025"/>
			<zmn:GM_Curve.segment>
				<zmn:GM_LineString>
					<zmn:GM_LineString.controlPoint>
						<zmn:GM_PointArray.column>
							<zmn:GM_Position.indirect>
								<zmn:GM_PointRef.point idref="P000000021"/>
							</zmn:GM_Position.indirect>
						</zmn:GM_PointArray.column>
						<zmn:GM_PointArray.column>
							<zmn:GM_Position.indirect>
								<zmn:GM_PointRef.point idref="P000000018"/>
							</zmn:GM_Position.indirect>
						</zmn:GM_PointArray.column>
					</zmn:GM_LineString.controlPoint>
				</zmn:GM_LineString>
			</zmn:GM_Curve.segment>
		</zmn:GM_Curve>
		<zmn:GM_Curve id="C000000026">
			<zmn:GM_OrientablePrimitive.orientation>+</zmn:GM_OrientablePrimitive.orientation>
			<zmn:GM_OrientablePrimitive.primitive idref="C000000026"/>
			<zmn:GM_Curve.segment>
				<zmn:GM_LineString>
					<zmn:GM_LineString.controlPoint>
						<zmn:GM_PointArray.column>
							<zmn:GM_Position.indirect>
								<zmn:GM_PointRef.point idref="P000000007"/>
							</zmn:GM_Position.indirect>
						</zmn:GM_PointArray.column>
						<zmn:GM_PointArray.column>
							<zmn:GM_Position.indirect>
								<zmn:GM_PointRef.point idref="P000000006"/>
							</zmn:GM_Position.indirect>
						</zmn:GM_PointArray.column>
					</zmn:GM_LineString.controlPoint>
				</zmn:GM_LineString>
			</zmn:GM_Curve.segment>
		</zmn:GM_Curve>
		<zmn:GM_Curve id="C000000027">
			<zmn:GM_OrientablePrimitive.orientation>+</zmn:GM_OrientablePrimitive.orientation>
			<zmn:GM_OrientablePrimitive.primitive idref="C000000027"/>
			<zmn:GM_Curve.segment>
				<zmn:GM_LineString>
					<zmn:GM_LineString.controlPoint>
						<zmn:GM_PointArray.column>
							<zmn:GM_Position.indirect>
								<zmn:GM_PointRef.point idref="P000000006"/>
							</zmn:GM_Position.indirect>
						</zmn:GM_PointArray.column>
						<zmn:GM_PointArray.column>
							<zmn:GM_Position.indirect>
								<zmn:GM_PointRef.point idref="P000000005"/>
							</zmn:GM_Position.indirect>
						</zmn:GM_PointArray.column>
					</zmn:GM_LineString.controlPoint>
				</zmn:GM_LineString>
			</zmn:GM_Curve.segment>
		</zmn:GM_Curve>
		<zmn:GM_Curve id="C000000028">
			<zmn:GM_OrientablePrimitive.orientation>+</zmn:GM_OrientablePrimitive.orientation>
			<zmn:GM_OrientablePrimitive.primitive idref="C000000028"/>
			<zmn:GM_Curve.segment>
				<zmn:GM_LineString>
					<zmn:GM_LineString.controlPoint>
						<zmn:GM_PointArray.column>
							<zmn:GM_Position.indirect>
								<zmn:GM_PointRef.point idref="P000000005"/>
							</zmn:GM_Position.indirect>
						</zmn:GM_PointArray.column>
						<zmn:GM_PointArray.column>
							<zmn:GM_Position.indirect>
								<zmn:GM_PointRef.point idref="P000000018"/>
							</zmn:GM_Position.indirect>
						</zmn:GM_PointArray.column>
					</zmn:GM_LineString.controlPoint>
				</zmn:GM_LineString>
			</zmn:GM_Curve.segment>
		</zmn:GM_Curve>
		<zmn:GM_Curve id="C000000029">
			<zmn:GM_OrientablePrimitive.orientation>+</zmn:GM_OrientablePrimitive.orientation>
			<zmn:GM_OrientablePrimitive.primitive idref="C000000029"/>
			<zmn:GM_Curve.segment>
				<zmn:GM_LineString>
					<zmn:GM_LineString.controlPoint>
						<zmn:GM_PointArray.column>
							<zmn:GM_Position.indirect>
								<zmn:GM_PointRef.point idref="P000000018"/>
							</zmn:GM_Position.indirect>
						</zmn:GM_PointArray.column>
						<zmn:GM_PointArray.column>
							<zmn:GM_Position.indirect>
								<zmn:GM_PointRef.point idref="P000000021"/>
							</zmn:GM_Position.indirect>
						</zmn:GM_PointArray.column>
					</zmn:GM_LineString.controlPoint>
				</zmn:GM_LineString>
			</zmn:GM_Curve.segment>
		</zmn:GM_Curve>
		<zmn:GM_Curve id="C000000030">
			<zmn:GM_OrientablePrimitive.orientation>+</zmn:GM_OrientablePrimitive.orientation>
			<zmn:GM_OrientablePrimitive.primitive idref="C000000030"/>
			<zmn:GM_Curve.segment>
				<zmn:GM_LineString>
					<zmn:GM_LineString.controlPoint>
						<zmn:GM_PointArray.column>
							<zmn:GM_Position.indirect>
								<zmn:GM_PointRef.point idref="P000000021"/>
							</zmn:GM_Position.indirect>
						</zmn:GM_PointArray.column>
						<zmn:GM_PointArray.column>
							<zmn:GM_Position.indirect>
								<zmn:GM_PointRef.point idref="P000000020"/>
							</zmn:GM_Position.indirect>
						</zmn:GM_PointArray.column>
					</zmn:GM_LineString.controlPoint>
				</zmn:GM_LineString>
			</zmn:GM_Curve.segment>
		</zmn:GM_Curve>
		<zmn:GM_Curve id="C000000031">
			<zmn:GM_OrientablePrimitive.orientation>+</zmn:GM_OrientablePrimitive.orientation>
			<zmn:GM_OrientablePrimitive.primitive idref="C000000031"/>
			<zmn:GM_Curve.segment>
				<zmn:GM_LineString>
					<zmn:GM_LineString.controlPoint>
						<zmn:GM_PointArray.column>
							<zmn:GM_Position.indirect>
								<zmn:GM_PointRef.point idref="P000000020"/>
							</zmn:GM_Position.indirect>
						</zmn:GM_PointArray.column>
						<zmn:GM_PointArray.column>
							<zmn:GM_Position.indirect>
								<zmn:GM_PointRef.point idref="P000000019"/>
							</zmn:GM_Position.indirect>
						</zmn:GM_PointArray.column>
					</zmn:GM_LineString.controlPoint>
				</zmn:GM_LineString>
			</zmn:GM_Curve.segment>
		</zmn:GM_Curve>
		<zmn:GM_Curve id="C000000032">
			<zmn:GM_OrientablePrimitive.orientation>+</zmn:GM_OrientablePrimitive.orientation>
			<zmn:GM_OrientablePrimitive.primitive idref="C000000032"/>
			<zmn:GM_Curve.segment>
				<zmn:GM_LineString>
					<zmn:GM_LineString.controlPoint>
						<zmn:GM_PointArray.column>
							<zmn:GM_Position.indirect>
								<zmn:GM_PointRef.point idref="P000000019"/>
							</zmn:GM_Position.indirect>
						</zmn:GM_PointArray.column>
						<zmn:GM_PointArray.column>
							<zmn:GM_Position.indirect>
								<zmn:GM_PointRef.point idref="P000000014"/>
							</zmn:GM_Position.indirect>
						</zmn:GM_PointArray.column>
					</zmn:GM_LineString.controlPoint>
				</zmn:GM_LineString>
			</zmn:GM_Curve.segment>
		</zmn:GM_Curve>
		<zmn:GM_Curve id="C000000033">
			<zmn:GM_OrientablePrimitive.orientation>+</zmn:GM_OrientablePrimitive.orientation>
			<zmn:GM_OrientablePrimitive.primitive idref="C000000033"/>
			<zmn:GM_Curve.segment>
				<zmn:GM_LineString>
					<zmn:GM_LineString.controlPoint>
						<zmn:GM_PointArray.column>
							<zmn:GM_Position.indirect>
								<zmn:GM_PointRef.point idref="P000000014"/>
							</zmn:GM_Position.indirect>
						</zmn:GM_PointArray.column>
						<zmn:GM_PointArray.column>
							<zmn:GM_Position.indirect>
								<zmn:GM_PointRef.point idref="P000000012"/>
							</zmn:GM_Position.indirect>
						</zmn:GM_PointArray.column>
					</zmn:GM_LineString.controlPoint>
				</zmn:GM_LineString>
			</zmn:GM_Curve.segment>
		</zmn:GM_Curve>
		<zmn:GM_Curve id="C000000034">
			<zmn:GM_OrientablePrimitive.orientation>+</zmn:GM_OrientablePrimitive.orientation>
			<zmn:GM_OrientablePrimitive.primitive idref="C000000034"/>
			<zmn:GM_Curve.segment>
				<zmn:GM_LineString>
					<zmn:GM_LineString.controlPoint>
						<zmn:GM_PointArray.column>
							<zmn:GM_Position.indirect>
								<zmn:GM_PointRef.point idref="P000000012"/>
							</zmn:GM_Position.indirect>
						</zmn:GM_PointArray.column>
						<zmn:GM_PointArray.column>
							<zmn:GM_Position.indirect>
								<zmn:GM_PointRef.point idref="P000000011"/>
							</zmn:GM_Position.indirect>
						</zmn:GM_PointArray.column>
					</zmn:GM_LineString.controlPoint>
				</zmn:GM_LineString>
			</zmn:GM_Curve.segment>
		</zmn:GM_Curve>
		<zmn:GM_Curve id="C000000035">
			<zmn:GM_OrientablePrimitive.orientation>+</zmn:GM_OrientablePrimitive.orientation>
			<zmn:GM_OrientablePrimitive.primitive idref="C000000035"/>
			<zmn:GM_Curve.segment>
				<zmn:GM_LineString>
					<zmn:GM_LineString.controlPoint>
						<zmn:GM_PointArray.column>
							<zmn:GM_Position.indirect>
								<zmn:GM_PointRef.point idref="P000000011"/>
							</zmn:GM_Position.indirect>
						</zmn:GM_PointArray.column>
						<zmn:GM_PointArray.column>
							<zmn:GM_Position.indirect>
								<zmn:GM_PointRef.point idref="P000000010"/>
							</zmn:GM_Position.indirect>
						</zmn:GM_PointArray.column>
					</zmn:GM_LineString.controlPoint>
				</zmn:GM_LineString>
			</zmn:GM_Curve.segment>
		</zmn:GM_Curve>
		<zmn:GM_Curve id="C000000036">
			<zmn:GM_OrientablePrimitive.orientation>+</zmn:GM_OrientablePrimitive.orientation>
			<zmn:GM_OrientablePrimitive.primitive idref="C000000036"/>
			<zmn:GM_Curve.segment>
				<zmn:GM_LineString>
					<zmn:GM_LineString.controlPoint>
						<zmn:GM_PointArray.column>
							<zmn:GM_Position.indirect>
								<zmn:GM_PointRef.point idref="P000000010"/>
							</zmn:GM_Position.indirect>
						</zmn:GM_PointArray.column>
						<zmn:GM_PointArray.column>
							<zmn:GM_Position.indirect>
								<zmn:GM_PointRef.point idref="P000000009"/>
							</zmn:GM_Position.indirect>
						</zmn:GM_PointArray.column>
					</zmn:GM_LineString.controlPoint>
				</zmn:GM_LineString>
			</zmn:GM_Curve.segment>
		</zmn:GM_Curve>
		<zmn:GM_Curve id="C000000037">
			<zmn:GM_OrientablePrimitive.orientation>+</zmn:GM_OrientablePrimitive.orientation>
			<zmn:GM_OrientablePrimitive.primitive idref="C000000037"/>
			<zmn:GM_Curve.segment>
				<zmn:GM_LineString>
					<zmn:GM_LineString.controlPoint>
						<zmn:GM_PointArray.column>
							<zmn:GM_Position.indirect>
								<zmn:GM_PointRef.point idref="P000000009"/>
							</zmn:GM_Position.indirect>
						</zmn:GM_PointArray.column>
						<zmn:GM_PointArray.column>
							<zmn:GM_Position.indirect>
								<zmn:GM_PointRef.point idref="P000000008"/>
							</zmn:GM_Position.indirect>
						</zmn:GM_PointArray.column>
					</zmn:GM_LineString.controlPoint>
				</zmn:GM_LineString>
			</zmn:GM_Curve.segment>
		</zmn:GM_Curve>
		<zmn:GM_Curve id="C000000038">
			<zmn:GM_OrientablePrimitive.orientation>+</zmn:GM_OrientablePrimitive.orientation>
			<zmn:GM_OrientablePrimitive.primitive idref="C000000038"/>
			<zmn:GM_Curve.segment>
				<zmn:GM_LineString>
					<zmn:GM_LineString.controlPoint>
						<zmn:GM_PointArray.column>
							<zmn:GM_Position.indirect>
								<zmn:GM_PointRef.point idref="P000000008"/>
							</zmn:GM_Position.indirect>
						</zmn:GM_PointArray.column>
						<zmn:GM_PointArray.column>
							<zmn:GM_Position.indirect>
								<zmn:GM_PointRef.point idref="P000000007"/>
							</zmn:GM_Position.indirect>
						</zmn:GM_PointArray.column>
					</zmn:GM_LineString.controlPoint>
				</zmn:GM_LineString>
			</zmn:GM_Curve.segment>
		</zmn:GM_Curve>
		<zmn:GM_Curve id="C000000039">
			<zmn:GM_OrientablePrimitive.orientation>+</zmn:GM_OrientablePrimitive.orientation>
			<zmn:GM_OrientablePrimitive.primitive idref="C000000039"/>
			<zmn:GM_Curve.segment>
				<zmn:GM_LineString>
					<zmn:GM_LineString.controlPoint>
						<zmn:GM_PointArray.column>
							<zmn:GM_Position.indirect>
								<zmn:GM_PointRef.point idref="P000000002"/>
							</zmn:GM_Position.indirect>
						</zmn:GM_PointArray.column>
						<zmn:GM_PointArray.column>
							<zmn:GM_Position.indirect>
								<zmn:GM_PointRef.point idref="P000000013"/>
							</zmn:GM_Position.indirect>
						</zmn:GM_PointArray.column>
					</zmn:GM_LineString.controlPoint>
				</zmn:GM_LineString>
			</zmn:GM_Curve.segment>
		</zmn:GM_Curve>
		<zmn:GM_Curve id="C000000040">
			<zmn:GM_OrientablePrimitive.orientation>+</zmn:GM_OrientablePrimitive.orientation>
			<zmn:GM_OrientablePrimitive.primitive idref="C000000040"/>
			<zmn:GM_Curve.segment>
				<zmn:GM_LineString>
					<zmn:GM_LineString.controlPoint>
						<zmn:GM_PointArray.column>
							<zmn:GM_Position.indirect>
								<zmn:GM_PointRef.point idref="P000000013"/>
							</zmn:GM_Position.indirect>
						</zmn:GM_PointArray.column>
						<zmn:GM_PointArray.column>
							<zmn:GM_Position.indirect>
								<zmn:GM_PointRef.point idref="P000000006"/>
							</zmn:GM_Position.indirect>
						</zmn:GM_PointArray.column>
					</zmn:GM_LineString.controlPoint>
				</zmn:GM_LineString>
			</zmn:GM_Curve.segment>
		</zmn:GM_Curve>
		<zmn:GM_Curve id="C000000041">
			<zmn:GM_OrientablePrimitive.orientation>+</zmn:GM_OrientablePrimitive.orientation>
			<zmn:GM_OrientablePrimitive.primitive idref="C000000041"/>
			<zmn:GM_Curve.segment>
				<zmn:GM_LineString>
					<zmn:GM_LineString.controlPoint>
						<zmn:GM_PointArray.column>
							<zmn:GM_Position.indirect>
								<zmn:GM_PointRef.point idref="P000000006"/>
							</zmn:GM_Position.indirect>
						</zmn:GM_PointArray.column>
						<zmn:GM_PointArray.column>
							<zmn:GM_Position.indirect>
								<zmn:GM_PointRef.point idref="P000000007"/>
							</zmn:GM_Position.indirect>
						</zmn:GM_PointArray.column>
					</zmn:GM_LineString.controlPoint>
				</zmn:GM_LineString>
			</zmn:GM_Curve.segment>
		</zmn:GM_Curve>
		<zmn:GM_Curve id="C000000042">
			<zmn:GM_OrientablePrimitive.orientation>+</zmn:GM_OrientablePrimitive.orientation>
			<zmn:GM_OrientablePrimitive.primitive idref="C000000042"/>
			<zmn:GM_Curve.segment>
				<zmn:GM_LineString>
					<zmn:GM_LineString.controlPoint>
						<zmn:GM_PointArray.column>
							<zmn:GM_Position.indirect>
								<zmn:GM_PointRef.point idref="P000000007"/>
							</zmn:GM_Position.indirect>
						</zmn:GM_PointArray.column>
						<zmn:GM_PointArray.column>
							<zmn:GM_Position.indirect>
								<zmn:GM_PointRef.point idref="P000000008"/>
							</zmn:GM_Position.indirect>
						</zmn:GM_PointArray.column>
					</zmn:GM_LineString.controlPoint>
				</zmn:GM_LineString>
			</zmn:GM_Curve.segment>
		</zmn:GM_Curve>
		<zmn:GM_Curve id="C000000043">
			<zmn:GM_OrientablePrimitive.orientation>+</zmn:GM_OrientablePrimitive.orientation>
			<zmn:GM_OrientablePrimitive.primitive idref="C000000043"/>
			<zmn:GM_Curve.segment>
				<zmn:GM_LineString>
					<zmn:GM_LineString.controlPoint>
						<zmn:GM_PointArray.column>
							<zmn:GM_Position.indirect>
								<zmn:GM_PointRef.point idref="P000000008"/>
							</zmn:GM_Position.indirect>
						</zmn:GM_PointArray.column>
						<zmn:GM_PointArray.column>
							<zmn:GM_Position.indirect>
								<zmn:GM_PointRef.point idref="P000000009"/>
							</zmn:GM_Position.indirect>
						</zmn:GM_PointArray.column>
					</zmn:GM_LineString.controlPoint>
				</zmn:GM_LineString>
			</zmn:GM_Curve.segment>
		</zmn:GM_Curve>
		<zmn:GM_Curve id="C000000044">
			<zmn:GM_OrientablePrimitive.orientation>+</zmn:GM_OrientablePrimitive.orientation>
			<zmn:GM_OrientablePrimitive.primitive idref="C000000044"/>
			<zmn:GM_Curve.segment>
				<zmn:GM_LineString>
					<zmn:GM_LineString.controlPoint>
						<zmn:GM_PointArray.column>
							<zmn:GM_Position.indirect>
								<zmn:GM_PointRef.point idref="P000000009"/>
							</zmn:GM_Position.indirect>
						</zmn:GM_PointArray.column>
						<zmn:GM_PointArray.column>
							<zmn:GM_Position.indirect>
								<zmn:GM_PointRef.point idref="P000000010"/>
							</zmn:GM_Position.indirect>
						</zmn:GM_PointArray.column>
					</zmn:GM_LineString.controlPoint>
				</zmn:GM_LineString>
			</zmn:GM_Curve.segment>
		</zmn:GM_Curve>
		<zmn:GM_Curve id="C000000045">
			<zmn:GM_OrientablePrimitive.orientation>+</zmn:GM_OrientablePrimitive.orientation>
			<zmn:GM_OrientablePrimitive.primitive idref="C000000045"/>
			<zmn:GM_Curve.segment>
				<zmn:GM_LineString>
					<zmn:GM_LineString.controlPoint>
						<zmn:GM_PointArray.column>
							<zmn:GM_Position.indirect>
								<zmn:GM_PointRef.point idref="P000000010"/>
							</zmn:GM_Position.indirect>
						</zmn:GM_PointArray.column>
						<zmn:GM_PointArray.column>
							<zmn:GM_Position.indirect>
								<zmn:GM_PointRef.point idref="P000000011"/>
							</zmn:GM_Position.indirect>
						</zmn:GM_PointArray.column>
					</zmn:GM_LineString.controlPoint>
				</zmn:GM_LineString>
			</zmn:GM_Curve.segment>
		</zmn:GM_Curve>
		<zmn:GM_Curve id="C000000046">
			<zmn:GM_OrientablePrimitive.orientation>+</zmn:GM_OrientablePrimitive.orientation>
			<zmn:GM_OrientablePrimitive.primitive idref="C000000046"/>
			<zmn:GM_Curve.segment>
				<zmn:GM_LineString>
					<zmn:GM_LineString.controlPoint>
						<zmn:GM_PointArray.column>
							<zmn:GM_Position.indirect>
								<zmn:GM_PointRef.point idref="P000000011"/>
							</zmn:GM_Position.indirect>
						</zmn:GM_PointArray.column>
						<zmn:GM_PointArray.column>
							<zmn:GM_Position.indirect>
								<zmn:GM_PointRef.point idref="P000000012"/>
							</zmn:GM_Position.indirect>
						</zmn:GM_PointArray.column>
					</zmn:GM_LineString.controlPoint>
				</zmn:GM_LineString>
			</zmn:GM_Curve.segment>
		</zmn:GM_Curve>
		<zmn:GM_Curve id="C000000047">
			<zmn:GM_OrientablePrimitive.orientation>+</zmn:GM_OrientablePrimitive.orientation>
			<zmn:GM_OrientablePrimitive.primitive idref="C000000047"/>
			<zmn:GM_Curve.segment>
				<zmn:GM_LineString>
					<zmn:GM_LineString.controlPoint>
						<zmn:GM_PointArray.column>
							<zmn:GM_Position.indirect>
								<zmn:GM_PointRef.point idref="P000000012"/>
							</zmn:GM_Position.indirect>
						</zmn:GM_PointArray.column>
						<zmn:GM_PointArray.column>
							<zmn:GM_Position.indirect>
								<zmn:GM_PointRef.point idref="P000000014"/>
							</zmn:GM_Position.indirect>
						</zmn:GM_PointArray.column>
					</zmn:GM_LineString.controlPoint>
				</zmn:GM_LineString>
			</zmn:GM_Curve.segment>
		</zmn:GM_Curve>
		<zmn:GM_Curve id="C000000048">
			<zmn:GM_OrientablePrimitive.orientation>+</zmn:GM_OrientablePrimitive.orientation>
			<zmn:GM_OrientablePrimitive.primitive idref="C000000048"/>
			<zmn:GM_Curve.segment>
				<zmn:GM_LineString>
					<zmn:GM_LineString.controlPoint>
						<zmn:GM_PointArray.column>
							<zmn:GM_Position.indirect>
								<zmn:GM_PointRef.point idref="P000000014"/>
							</zmn:GM_Position.indirect>
						</zmn:GM_PointArray.column>
						<zmn:GM_PointArray.column>
							<zmn:GM_Position.indirect>
								<zmn:GM_PointRef.point idref="P000000024"/>
							</zmn:GM_Position.indirect>
						</zmn:GM_PointArray.column>
					</zmn:GM_LineString.controlPoint>
				</zmn:GM_LineString>
			</zmn:GM_Curve.segment>
		</zmn:GM_Curve>
		<zmn:GM_Curve id="C000000049">
			<zmn:GM_OrientablePrimitive.orientation>+</zmn:GM_OrientablePrimitive.orientation>
			<zmn:GM_OrientablePrimitive.primitive idref="C000000049"/>
			<zmn:GM_Curve.segment>
				<zmn:GM_LineString>
					<zmn:GM_LineString.controlPoint>
						<zmn:GM_PointArray.column>
							<zmn:GM_Position.indirect>
								<zmn:GM_PointRef.point idref="P000000024"/>
							</zmn:GM_Position.indirect>
						</zmn:GM_PointArray.column>
						<zmn:GM_PointArray.column>
							<zmn:GM_Position.indirect>
								<zmn:GM_PointRef.point idref="P000000025"/>
							</zmn:GM_Position.indirect>
						</zmn:GM_PointArray.column>
					</zmn:GM_LineString.controlPoint>
				</zmn:GM_LineString>
			</zmn:GM_Curve.segment>
		</zmn:GM_Curve>
		<zmn:GM_Curve id="C000000050">
			<zmn:GM_OrientablePrimitive.orientation>+</zmn:GM_OrientablePrimitive.orientation>
			<zmn:GM_OrientablePrimitive.primitive idref="C000000050"/>
			<zmn:GM_Curve.segment>
				<zmn:GM_LineString>
					<zmn:GM_LineString.controlPoint>
						<zmn:GM_PointArray.column>
							<zmn:GM_Position.indirect>
								<zmn:GM_PointRef.point idref="P000000025"/>
							</zmn:GM_Position.indirect>
						</zmn:GM_PointArray.column>
						<zmn:GM_PointArray.column>
							<zmn:GM_Position.indirect>
								<zmn:GM_PointRef.point idref="P000000026"/>
							</zmn:GM_Position.indirect>
						</zmn:GM_PointArray.column>
					</zmn:GM_LineString.controlPoint>
				</zmn:GM_LineString>
			</zmn:GM_Curve.segment>
		</zmn:GM_Curve>
		<zmn:GM_Curve id="C000000051">
			<zmn:GM_OrientablePrimitive.orientation>+</zmn:GM_OrientablePrimitive.orientation>
			<zmn:GM_OrientablePrimitive.primitive idref="C000000051"/>
			<zmn:GM_Curve.segment>
				<zmn:GM_LineString>
					<zmn:GM_LineString.controlPoint>
						<zmn:GM_PointArray.column>
							<zmn:GM_Position.indirect>
								<zmn:GM_PointRef.point idref="P000000026"/>
							</zmn:GM_Position.indirect>
						</zmn:GM_PointArray.column>
						<zmn:GM_PointArray.column>
							<zmn:GM_Position.indirect>
								<zmn:GM_PointRef.point idref="P000000027"/>
							</zmn:GM_Position.indirect>
						</zmn:GM_PointArray.column>
					</zmn:GM_LineString.controlPoint>
				</zmn:GM_LineString>
			</zmn:GM_Curve.segment>
		</zmn:GM_Curve>
		<zmn:GM_Curve id="C000000052">
			<zmn:GM_OrientablePrimitive.orientation>+</zmn:GM_OrientablePrimitive.orientation>
			<zmn:GM_OrientablePrimitive.primitive idref="C000000052"/>
			<zmn:GM_Curve.segment>
				<zmn:GM_LineString>
					<zmn:GM_LineString.controlPoint>
						<zmn:GM_PointArray.column>
							<zmn:GM_Position.indirect>
								<zmn:GM_PointRef.point idref="P000000027"/>
							</zmn:GM_Position.indirect>
						</zmn:GM_PointArray.column>
						<zmn:GM_PointArray.column>
							<zmn:GM_Position.indirect>
								<zmn:GM_PointRef.point idref="P000000028"/>
							</zmn:GM_Position.indirect>
						</zmn:GM_PointArray.column>
					</zmn:GM_LineString.controlPoint>
				</zmn:GM_LineString>
			</zmn:GM_Curve.segment>
		</zmn:GM_Curve>
		<zmn:GM_Curve id="C000000053">
			<zmn:GM_OrientablePrimitive.orientation>+</zmn:GM_OrientablePrimitive.orientation>
			<zmn:GM_OrientablePrimitive.primitive idref="C000000053"/>
			<zmn:GM_Curve.segment>
				<zmn:GM_LineString>
					<zmn:GM_LineString.controlPoint>
						<zmn:GM_PointArray.column>
							<zmn:GM_Position.indirect>
								<zmn:GM_PointRef.point idref="P000000028"/>
							</zmn:GM_Position.indirect>
						</zmn:GM_PointArray.column>
						<zmn:GM_PointArray.column>
							<zmn:GM_Position.indirect>
								<zmn:GM_PointRef.point idref="P000000003"/>
							</zmn:GM_Position.indirect>
						</zmn:GM_PointArray.column>
					</zmn:GM_LineString.controlPoint>
				</zmn:GM_LineString>
			</zmn:GM_Curve.segment>
		</zmn:GM_Curve>
		<zmn:GM_Curve id="C000000054">
			<zmn:GM_OrientablePrimitive.orientation>+</zmn:GM_OrientablePrimitive.orientation>
			<zmn:GM_OrientablePrimitive.primitive idref="C000000054"/>
			<zmn:GM_Curve.segment>
				<zmn:GM_LineString>
					<zmn:GM_LineString.controlPoint>
						<zmn:GM_PointArray.column>
							<zmn:GM_Position.indirect>
								<zmn:GM_PointRef.point idref="P000000003"/>
							</zmn:GM_Position.indirect>
						</zmn:GM_PointArray.column>
						<zmn:GM_PointArray.column>
							<zmn:GM_Position.indirect>
								<zmn:GM_PointRef.point idref="P000000004"/>
							</zmn:GM_Position.indirect>
						</zmn:GM_PointArray.column>
					</zmn:GM_LineString.controlPoint>
				</zmn:GM_LineString>
			</zmn:GM_Curve.segment>
		</zmn:GM_Curve>
		<zmn:GM_Curve id="C000000055">
			<zmn:GM_OrientablePrimitive.orientation>+</zmn:GM_OrientablePrimitive.orientation>
			<zmn:GM_OrientablePrimitive.primitive idref="C000000055"/>
			<zmn:GM_Curve.segment>
				<zmn:GM_LineString>
					<zmn:GM_LineString.controlPoint>
						<zmn:GM_PointArray.column>
							<zmn:GM_Position.indirect>
								<zmn:GM_PointRef.point idref="P000000004"/>
							</zmn:GM_Position.indirect>
						</zmn:GM_PointArray.column>
						<zmn:GM_PointArray.column>
							<zmn:GM_Position.indirect>
								<zmn:GM_PointRef.point idref="P000000005"/>
							</zmn:GM_Position.indirect>
						</zmn:GM_PointArray.column>
					</zmn:GM_LineString.controlPoint>
				</zmn:GM_LineString>
			</zmn:GM_Curve.segment>
		</zmn:GM_Curve>
		<zmn:GM_Curve id="C000000056">
			<zmn:GM_OrientablePrimitive.orientation>+</zmn:GM_OrientablePrimitive.orientation>
			<zmn:GM_OrientablePrimitive.primitive idref="C000000056"/>
			<zmn:GM_Curve.segment>
				<zmn:GM_LineString>
					<zmn:GM_LineString.controlPoint>
						<zmn:GM_PointArray.column>
							<zmn:GM_Position.indirect>
								<zmn:GM_PointRef.point idref="P000000005"/>
							</zmn:GM_Position.indirect>
						</zmn:GM_PointArray.column>
						<zmn:GM_PointArray.column>
							<zmn:GM_Position.indirect>
								<zmn:GM_PointRef.point idref="P000000006"/>
							</zmn:GM_Position.indirect>
						</zmn:GM_PointArray.column>
					</zmn:GM_LineString.controlPoint>
				</zmn:GM_LineString>
			</zmn:GM_Curve.segment>
		</zmn:GM_Curve>
		<zmn:GM_Curve id="C000000057">
			<zmn:GM_OrientablePrimitive.orientation>+</zmn:GM_OrientablePrimitive.orientation>
			<zmn:GM_OrientablePrimitive.primitive idref="C000000057"/>
			<zmn:GM_Curve.segment>
				<zmn:GM_LineString>
					<zmn:GM_LineString.controlPoint>
						<zmn:GM_PointArray.column>
							<zmn:GM_Position.indirect>
								<zmn:GM_PointRef.point idref="P000000006"/>
							</zmn:GM_Position.indirect>
						</zmn:GM_PointArray.column>
						<zmn:GM_PointArray.column>
							<zmn:GM_Position.indirect>
								<zmn:GM_PointRef.point idref="P000000013"/>
							</zmn:GM_Position.indirect>
						</zmn:GM_PointArray.column>
					</zmn:GM_LineString.controlPoint>
				</zmn:GM_LineString>
			</zmn:GM_Curve.segment>
		</zmn:GM_Curve>
		<zmn:GM_Curve id="C000000058">
			<zmn:GM_OrientablePrimitive.orientation>+</zmn:GM_OrientablePrimitive.orientation>
			<zmn:GM_OrientablePrimitive.primitive idref="C000000058"/>
			<zmn:GM_Curve.segment>
				<zmn:GM_LineString>
					<zmn:GM_LineString.controlPoint>
						<zmn:GM_PointArray.column>
							<zmn:GM_Position.indirect>
								<zmn:GM_PointRef.point idref="P000000013"/>
							</zmn:GM_Position.indirect>
						</zmn:GM_PointArray.column>
						<zmn:GM_PointArray.column>
							<zmn:GM_Position.indirect>
								<zmn:GM_PointRef.point idref="P000000022"/>
							</zmn:GM_Position.indirect>
						</zmn:GM_PointArray.column>
					</zmn:GM_LineString.controlPoint>
				</zmn:GM_LineString>
			</zmn:GM_Curve.segment>
		</zmn:GM_Curve>
		<zmn:GM_Curve id="C000000059">
			<zmn:GM_OrientablePrimitive.orientation>+</zmn:GM_OrientablePrimitive.orientation>
			<zmn:GM_OrientablePrimitive.primitive idref="C000000059"/>
			<zmn:GM_Curve.segment>
				<zmn:GM_LineString>
					<zmn:GM_LineString.controlPoint>
						<zmn:GM_PointArray.column>
							<zmn:GM_Position.indirect>
								<zmn:GM_PointRef.point idref="P000000022"/>
							</zmn:GM_Position.indirect>
						</zmn:GM_PointArray.column>
						<zmn:GM_PointArray.column>
							<zmn:GM_Position.indirect>
								<zmn:GM_PointRef.point idref="P000000023"/>
							</zmn:GM_Position.indirect>
						</zmn:GM_PointArray.column>
					</zmn:GM_LineString.controlPoint>
				</zmn:GM_LineString>
			</zmn:GM_Curve.segment>
		</zmn:GM_Curve>
		<zmn:GM_Curve id="C000000060">
			<zmn:GM_OrientablePrimitive.orientation>+</zmn:GM_OrientablePrimitive.orientation>
			<zmn:GM_OrientablePrimitive.primitive idref="C000000060"/>
			<zmn:GM_Curve.segment>
				<zmn:GM_LineString>
					<zmn:GM_LineString.controlPoint>
						<zmn:GM_PointArray.column>
							<zmn:GM_Position.indirect>
								<zmn:GM_PointRef.point idref="P000000023"/>
							</zmn:GM_Position.indirect>
						</zmn:GM_PointArray.column>
						<zmn:GM_PointArray.column>
							<zmn:GM_Position.indirect>
								<zmn:GM_PointRef.point idref="P000000002"/>
							</zmn:GM_Position.indirect>
						</zmn:GM_PointArray.column>
					</zmn:GM_LineString.controlPoint>
				</zmn:GM_LineString>
			</zmn:GM_Curve.segment>
		</zmn:GM_Curve>
		<zmn:GM_Surface id="F000000001">
			<zmn:GM_Surface.patch>
				<zmn:GM_Polygon>
					<zmn:GM_Polygon.boundary>
						<zmn:GM_SurfaceBoundary>
							<zmn:GM_SurfaceBoundary.exterior>
								<zmn:GM_Ring>
									<zmn:GM_CompositeCurve.generator idref="C000000003"/>
									<zmn:GM_CompositeCurve.generator idref="C000000004"/>
									<zmn:GM_CompositeCurve.generator idref="C000000005"/>
									<zmn:GM_CompositeCurve.generator idref="C000000006"/>
									<zmn:GM_CompositeCurve.generator idref="C000000007"/>
									<zmn:GM_CompositeCurve.generator idref="C000000008"/>
									<zmn:GM_CompositeCurve.generator idref="C000000009"/>
									<zmn:GM_CompositeCurve.generator idref="C000000010"/>
									<zmn:GM_CompositeCurve.generator idref="C000000011"/>
								</zmn:GM_Ring>
							</zmn:GM_SurfaceBoundary.exterior>
						</zmn:GM_SurfaceBoundary>
					</zmn:GM_Polygon.boundary>
				</zmn:GM_Polygon>
			</zmn:GM_Surface.patch>
		</zmn:GM_Surface>
		<zmn:GM_Surface id="F000000002">
			<zmn:GM_Surface.patch>
				<zmn:GM_Polygon>
					<zmn:GM_Polygon.boundary>
						<zmn:GM_SurfaceBoundary>
							<zmn:GM_SurfaceBoundary.exterior>
								<zmn:GM_Ring>
									<zmn:GM_CompositeCurve.generator idref="C000000012"/>
									<zmn:GM_CompositeCurve.generator idref="C000000013"/>
									<zmn:GM_CompositeCurve.generator idref="C000000014"/>
									<zmn:GM_CompositeCurve.generator idref="C000000015"/>
								</zmn:GM_Ring>
							</zmn:GM_SurfaceBoundary.exterior>
						</zmn:GM_SurfaceBoundary>
					</zmn:GM_Polygon.boundary>
				</zmn:GM_Polygon>
			</zmn:GM_Surface.patch>
		</zmn:GM_Surface>
		<zmn:GM_Surface id="F000000003">
			<zmn:GM_Surface.patch>
				<zmn:GM_Polygon>
					<zmn:GM_Polygon.boundary>
						<zmn:GM_SurfaceBoundary>
							<zmn:GM_SurfaceBoundary.exterior>
								<zmn:GM_Ring>
									<zmn:GM_CompositeCurve.generator idref="C000000016"/>
									<zmn:GM_CompositeCurve.generator idref="C000000017"/>
									<zmn:GM_CompositeCurve.generator idref="C000000018"/>
									<zmn:GM_CompositeCurve.generator idref="C000000019"/>
									<zmn:GM_CompositeCurve.generator idref="C000000020"/>
									<zmn:GM_CompositeCurve.generator idref="C000000021"/>
									<zmn:GM_CompositeCurve.generator idref="C000000022"/>
									<zmn:GM_CompositeCurve.generator idref="C000000023"/>
									<zmn:GM_CompositeCurve.generator idref="C000000024"/>
									<zmn:GM_CompositeCurve.generator idref="C000000025"/>
								</zmn:GM_Ring>
							</zmn:GM_SurfaceBoundary.exterior>
						</zmn:GM_SurfaceBoundary>
					</zmn:GM_Polygon.boundary>
				</zmn:GM_Polygon>
			</zmn:GM_Surface.patch>
		</zmn:GM_Surface>
		<zmn:GM_Surface id="F000000004">
			<zmn:GM_Surface.patch>
				<zmn:GM_Polygon>
					<zmn:GM_Polygon.boundary>
						<zmn:GM_SurfaceBoundary>
							<zmn:GM_SurfaceBoundary.exterior>
								<zmn:GM_Ring>
									<zmn:GM_CompositeCurve.generator idref="C000000026"/>
									<zmn:GM_CompositeCurve.generator idref="C000000027"/>
									<zmn:GM_CompositeCurve.generator idref="C000000028"/>
									<zmn:GM_CompositeCurve.generator idref="C000000029"/>
									<zmn:GM_CompositeCurve.generator idref="C000000030"/>
									<zmn:GM_CompositeCurve.generator idref="C000000031"/>
									<zmn:GM_CompositeCurve.generator idref="C000000032"/>
									<zmn:GM_CompositeCurve.generator idref="C000000033"/>
									<zmn:GM_CompositeCurve.generator idref="C000000034"/>
									<zmn:GM_CompositeCurve.generator idref="C000000035"/>
									<zmn:GM_CompositeCurve.generator idref="C000000036"/>
									<zmn:GM_CompositeCurve.generator idref="C000000037"/>
									<zmn:GM_CompositeCurve.generator idref="C000000038"/>
								</zmn:GM_Ring>
							</zmn:GM_SurfaceBoundary.exterior>
						</zmn:GM_SurfaceBoundary>
					</zmn:GM_Polygon.boundary>
				</zmn:GM_Polygon>
			</zmn:GM_Surface.patch>
		</zmn:GM_Surface>
		<zmn:GM_Surface id="F000000005">
			<zmn:GM_Surface.patch>
				<zmn:GM_Polygon>
					<zmn:GM_Polygon.boundary>
						<zmn:GM_SurfaceBoundary>
							<zmn:GM_SurfaceBoundary.exterior>
								<zmn:GM_Ring>
									<zmn:GM_CompositeCurve.generator idref="C000000039"/>
									<zmn:GM_CompositeCurve.generator idref="C000000040"/>
									<zmn:GM_CompositeCurve.generator idref="C000000041"/>
									<zmn:GM_CompositeCurve.generator idref="C000000042"/>
									<zmn:GM_CompositeCurve.generator idref="C000000043"/>
									<zmn:GM_CompositeCurve.generator idref="C000000044"/>
									<zmn:GM_CompositeCurve.generator idref="C000000045"/>
									<zmn:GM_CompositeCurve.generator idref="C000000046"/>
									<zmn:GM_CompositeCurve.generator idref="C000000047"/>
									<zmn:GM_CompositeCurve.generator idref="C000000048"/>
									<zmn:GM_CompositeCurve.generator idref="C000000049"/>
									<zmn:GM_CompositeCurve.generator idref="C000000050"/>
									<zmn:GM_CompositeCurve.generator idref="C000000051"/>
									<zmn:GM_CompositeCurve.generator idref="C000000052"/>
									<zmn:GM_CompositeCurve.generator idref="C000000053"/>
									<zmn:GM_CompositeCurve.generator idref="C000000054"/>
									<zmn:GM_CompositeCurve.generator idref="C000000055"/>
									<zmn:GM_CompositeCurve.generator idref="C000000056"/>
									<zmn:GM_CompositeCurve.generator idref="C000000057"/>
									<zmn:GM_CompositeCurve.generator idref="C000000058"/>
									<zmn:GM_CompositeCurve.generator idref="C000000059"/>
									<zmn:GM_CompositeCurve.generator idref="C000000060"/>
								</zmn:GM_Ring>
							</zmn:GM_SurfaceBoundary.exterior>
						</zmn:GM_SurfaceBoundary>
					</zmn:GM_Polygon.boundary>
				</zmn:GM_Polygon>
			</zmn:GM_Surface.patch>
		</zmn:GM_Surface>
	</空間属性>
	<主題属性>
		<基準点>
			<名称>T09776011</名称>
			<形状 idref="P000000001"/>
			<基準点種別>地籍図根多角点</基準点種別>
			<埋標区分>埋標（その他）</埋標区分>
		</基準点>
		<筆界点>
			<点番名>4504626</点番名>
			<形状 idref="P000000002"/>
		</筆界点>
		<筆界点>
			<点番名>4504627</点番名>
			<形状 idref="P000000003"/>
		</筆界点>
		<筆界点>
			<点番名>4504628</点番名>
			<形状 idref="P000000004"/>
		</筆界点>
		<筆界点>
			<点番名>4504629</点番名>
			<形状 idref="P000000005"/>
		</筆界点>
		<筆界点>
			<点番名>4504630</点番名>
			<形状 idref="P000000006"/>
		</筆界点>
		<筆界点>
			<点番名>4504631</点番名>
			<形状 idref="P000000007"/>
		</筆界点>
		<筆界点>
			<点番名>4504632</点番名>
			<形状 idref="P000000008"/>
		</筆界点>
		<筆界点>
			<点番名>4504633</点番名>
			<形状 idref="P000000009"/>
		</筆界点>
		<筆界点>
			<点番名>4504634</点番名>
			<形状 idref="P000000010"/>
		</筆界点>
		<筆界点>
			<点番名>4504635</点番名>
			<形状 idref="P000000011"/>
		</筆界点>
		<筆界点>
			<点番名>4504636</点番名>
			<形状 idref="P000000012"/>
		</筆界点>
		<筆界点>
			<点番名>4504637</点番名>
			<形状 idref="P000000013"/>
		</筆界点>
		<筆界点>
			<点番名>4504638</点番名>
			<形状 idref="P000000014"/>
		</筆界点>
		<筆界点>
			<点番名>4504639</点番名>
			<形状 idref="P000000015"/>
		</筆界点>
		<筆界点>
			<点番名>4504640</点番名>
			<形状 idref="P000000016"/>
		</筆界点>
		<筆界点>
			<点番名>4504641</点番名>
			<形状 idref="P000000017"/>
		</筆界点>
		<筆界点>
			<点番名>4504642</点番名>
			<形状 idref="P000000018"/>
		</筆界点>
		<筆界点>
			<点番名>4504643</点番名>
			<形状 idref="P000000019"/>
		</筆界点>
		<筆界点>
			<点番名>4504644</点番名>
			<形状 idref="P000000020"/>
		</筆界点>
		<筆界点>
			<点番名>4504645</点番名>
			<形状 idref="P000000021"/>
		</筆界点>
		<筆界点>
			<点番名>4504646</点番名>
			<形状 idref="P000000022"/>
		</筆界点>
		<筆界点>
			<点番名>4504647</点番名>
			<形状 idref="P000000023"/>
		</筆界点>
		<筆界点>
			<点番名>4504648</点番名>
			<形状 idref="P000000024"/>
		</筆界点>
		<筆界点>
			<点番名>4504649</点番名>
			<形状 idref="P000000025"/>
		</筆界点>
		<筆界点>
			<点番名>4504650</点番名>
			<形状 idref="P000000026"/>
		</筆界点>
		<筆界点>
			<点番名>4504651</点番名>
			<形状 idref="P000000027"/>
		</筆界点>
		<筆界点>
			<点番名>4504652</点番名>
			<形状 idref="P000000028"/>
		</筆界点>
		<筆界線>
			<形状 idref="C000000003"/>
			<線種別>筆界線</線種別>
		</筆界線>
		<筆界線>
			<形状 idref="C000000004"/>
			<線種別>筆界線</線種別>
		</筆界線>
		<筆界線>
			<形状 idref="C000000005"/>
			<線種別>筆界線</線種別>
		</筆界線>
		<筆界線>
			<形状 idref="C000000006"/>
			<線種別>筆界線</線種別>
		</筆界線>
		<筆界線>
			<形状 idref="C000000007"/>
			<線種別>筆界線</線種別>
		</筆界線>
		<筆界線>
			<形状 idref="C000000008"/>
			<線種別>筆界線</線種別>
		</筆界線>
		<筆界線>
			<形状 idref="C000000009"/>
			<線種別>筆界線</線種別>
		</筆界線>
		<筆界線>
			<形状 idref="C000000010"/>
			<線種別>筆界線</線種別>
		</筆界線>
		<筆界線>
			<形状 idref="C000000011"/>
			<線種別>筆界線</線種別>
		</筆界線>
		<筆界線>
			<形状 idref="C000000012"/>
			<線種別>筆界線</線種別>
		</筆界線>
		<筆界線>
			<形状 idref="C000000013"/>
			<線種別>筆界線</線種別>
		</筆界線>
		<筆界線>
			<形状 idref="C000000014"/>
			<線種別>市区町村界線</線種別>
		</筆界線>
		<筆界線>
			<形状 idref="C000000015"/>
			<線種別>筆界線</線種別>
		</筆界線>
		<筆界線>
			<形状 idref="C000000016"/>
			<線種別>筆界線</線種別>
		</筆界線>
		<筆界線>
			<形状 idref="C000000017"/>
			<線種別>筆界線</線種別>
		</筆界線>
		<筆界線>
			<形状 idref="C000000018"/>
			<線種別>筆界線</線種別>
		</筆界線>
		<筆界線>
			<形状 idref="C000000019"/>
			<線種別>筆界線</線種別>
		</筆界線>
		<筆界線>
			<形状 idref="C000000020"/>
			<線種別>筆界線</線種別>
		</筆界線>
		<筆界線>
			<形状 idref="C000000021"/>
			<線種別>筆界線</線種別>
		</筆界線>
		<筆界線>
			<形状 idref="C000000022"/>
			<線種別>筆界線</線種別>
		</筆界線>
		<筆界線>
			<形状 idref="C000000023"/>
			<線種別>筆界線</線種別>
		</筆界線>
		<筆界線>
			<形状 idref="C000000024"/>
			<線種別>筆界線</線種別>
		</筆界線>
		<筆界線>
			<形状 idref="C000000025"/>
			<線種別>筆界線</線種別>
		</筆界線>
		<筆界線>
			<形状 idref="C000000026"/>
			<線種別>筆界線</線種別>
		</筆界線>
		<筆界線>
			<形状 idref="C000000027"/>
			<線種別>市区町村界線</線種別>
		</筆界線>
		<筆界線>
			<形状 idref="C000000028"/>
			<線種別>筆界線</線種別>
		</筆界線>
		<筆界線>
			<形状 idref="C000000029"/>
			<線種別>筆界線</線種別>
		</筆界線>
		<筆界線>
			<形状 idref="C000000030"/>
			<線種別>筆界線</線種別>
		</筆界線>
		<筆界線>
			<形状 idref="C000000031"/>
			<線種別>筆界線</線種別>
		</筆界線>
		<筆界線>
			<形状 idref="C000000032"/>
			<線種別>筆界線</線種別>
		</筆界線>
		<筆界線>
			<形状 idref="C000000033"/>
			<線種別>筆界線</線種別>
		</筆界線>
		<筆界線>
			<形状 idref="C000000034"/>
			<線種別>筆界線</線種別>
		</筆界線>
		<筆界線>
			<形状 idref="C000000035"/>
			<線種別>筆界線</線種別>
		</筆界線>
		<筆界線>
			<形状 idref="C000000036"/>
			<線種別>筆界線</線種別>
		</筆界線>
		<筆界線>
			<形状 idref="C000000037"/>
			<線種別>筆界線</線種別>
		</筆界線>
		<筆界線>
			<形状 idref="C000000038"/>
			<線種別>筆界線</線種別>
		</筆界線>
		<筆界線>
			<形状 idref="C000000039"/>
			<線種別>筆界線</線種別>
		</筆界線>
		<筆界線>
			<形状 idref="C000000040"/>
			<線種別>未描画線</線種別>
		</筆界線>
		<筆界線>
			<形状 idref="C000000041"/>
			<線種別>筆界線</線種別>
		</筆界線>
		<筆界線>
			<形状 idref="C000000042"/>
			<線種別>筆界線</線種別>
		</筆界線>
		<筆界線>
			<形状 idref="C000000043"/>
			<線種別>筆界線</線種別>
		</筆界線>
		<筆界線>
			<形状 idref="C000000044"/>
			<線種別>筆界線</線種別>
		</筆界線>
		<筆界線>
			<形状 idref="C000000045"/>
			<線種別>筆界線</線種別>
		</筆界線>
		<筆界線>
			<形状 idref="C000000046"/>
			<線種別>筆界線</線種別>
		</筆界線>
		<筆界線>
			<形状 idref="C000000047"/>
			<線種別>筆界線</線種別>
		</筆界線>
		<筆界線>
			<形状 idref="C000000048"/>
			<線種別>筆界線</線種別>
		</筆界線>
		<筆界線>
			<形状 idref="C000000049"/>
			<線種別>筆界線</線種別>
		</筆界線>
		<筆界線>
			<形状 idref="C000000050"/>
			<線種別>筆界線</線種別>
		</筆界線>
		<筆界線>
			<形状 idref="C000000051"/>
			<線種別>筆界線</線種別>
		</筆界線>
		<筆界線>
			<形状 idref="C000000052"/>
			<線種別>筆界線</線種別>
		</筆界線>
		<筆界線>
			<形状 idref="C000000053"/>
			<線種別>筆界線</線種別>
		</筆界線>
		<筆界線>
			<形状 idref="C000000054"/>
			<線種別>市区町村界線</線種別>
		</筆界線>
		<筆界線>
			<形状 idref="C000000055"/>
			<線種別>市区町村界線</線種別>
		</筆界線>
		<筆界線>
			<形状 idref="C000000056"/>
			<線種別>市区町村界線</線種別>
		</筆界線>
		<筆界線>
			<形状 idref="C000000057"/>
			<線種別>未描画線</線種別>
		</筆界線>
		<筆界線>
			<形状 idref="C000000058"/>
			<線種別>筆界線</線種別>
		</筆界線>
		<筆界線>
			<形状 idref="C000000059"/>
			<線種別>筆界線</線種別>
		</筆界線>
		<筆界線>
			<形状 idref="C000000060"/>
			<線種別>筆界線</線種別>
		</筆界線>
		<筆 id="H000000001">
			<大字コード>063</大字コード>
			<丁目コード>000</丁目コード>
			<小字コード>0000</小字コード>
			<予備コード>00</予備コード>
			<大字名>上永井</大字名>
			<地番>1579</地番>
			<形状 idref="F000000001"/>
			<精度区分>甲三</精度区分>
			<座標値種別>図上測量</座標値種別>
		</筆>
		<筆 id="H000000002">
			<大字コード>063</大字コード>
			<丁目コード>000</丁目コード>
			<小字コード>0000</小字コード>
			<予備コード>00</予備コード>
			<大字名>上永井</大字名>
			<地番>1580</地番>
			<形状 idref="F000000002"/>
			<精度区分>甲三</精度区分>
			<座標値種別>図上測量</座標値種別>
		</筆>
		<筆 id="H000000003">
			<大字コード>063</大字コード>
			<丁目コード>000</丁目コード>
			<小字コード>0000</小字コード>
			<予備コード>00</予備コード>
			<大字名>上永井</大字名>
			<地番>1581</地番>
			<形状 idref="F000000003"/>
			<精度区分>甲三</精度区分>
			<座標値種別>図上測量</座標値種別>
		</筆>
		<筆 id="H000000004">
			<大字コード>063</大字コード>
			<丁目コード>000</丁目コード>
			<小字コード>0000</小字コード>
			<予備コード>00</予備コード>
			<大字名>上永井</大字名>
			<地番>1582</地番>
			<形状 idref="F000000004"/>
			<精度区分>甲三</精度区分>
			<座標値種別>図上測量</座標値種別>
		</筆>
		<筆 id="H000000005">
			<大字コード>000</大字コード>
			<丁目コード>000</丁目コード>
			<小字コード>0000</小字コード>
			<予備コード>00</予備コード>
			<地番>地区外-3610729</地番>
			<形状 idref="F000000005"/>
			<精度区分>甲三</精度区分>
			<座標値種別>図上測量</座標値種別>
		</筆>
	</主題属性>
	<図郭>
		<地図番号>M   55-3</地図番号>
		<縮尺分母>500</縮尺分母>
		<方位不明フラグ>false</方位不明フラグ>
		<左下座標>
			<zmn:X>-32645.184</zmn:X>
			<zmn:Y>83305.988</zmn:Y>
		</左下座標>
		<左上座標>
			<zmn:X>-32495.184</zmn:X>
			<zmn:Y>83305.992</zmn:Y>
		</左上座標>
		<右下座標>
			<zmn:X>-32645.187</zmn:X>
			<zmn:Y>83505.992</zmn:Y>
		</右下座標>
		<右上座標>
			<zmn:X>-32495.187</zmn:X>
			<zmn:Y>83505.995</zmn:Y>
		</右上座標>
		<地図種類>土地改良所在図</地図種類>
		<地図分類>地図に準ずる図面</地図分類>
		<地図材質>P-F</地図材質>
		<地図作成年月日>
			<年>2001</年>
			<月>2</月>
		</地図作成年月日>
		<分割図葉>
			<調査年月>
				<年>1990</年>
				<月>2</月>
			</調査年月>
			<測図年月>
				<年>2001</年>
				<月>2</月>
			</測図年月>
		</分割図葉>
		<筆参照 idref="H000000001"/>
		<筆参照 idref="H000000002"/>
		<筆参照 idref="H000000003"/>
		<筆参照 idref="H000000004"/>
		<筆参照 idref="H000000005"/>
	</図郭>
</地図>
